bodyId,type,type_lab,cluster,function,reference
10001,DNp01,DNp01,11,"escape takeoff, electrical","Lima 2005, Kennedy and Broadie 2018"
10010,DNp01,DNp01,11,"escape takeoff, electrical","Lima 2005, Kennedy and Broadie 2018"
10026,DNp18,DNp18,0,,
10030,pIP1,pIP1,0,,
10033,DNg56,DNg56,12,,
10038,pIP1,pIP1,0,,
10045,DNg100,DNg100,0,walking,Sapkal 2024
10048,DNp18,DNp18,0,,
10054,DNpe013,DNpe013,11,,
10056,DNg100,DNg100,0,walking,Sapkal 2024
10059,DNp20,DNp20,10,"flight (tuned to rotational flow fields), electrical","Suver , 2016"
10063,DNp27,DNp27,0,neuromodulatory,"Meiselman 2022 (im),Chen 2015 (im)"
10065,DNb05,DNb05,0,"fast locomotion (+ wing MNs), ipsiversive steering","Cande, J. 2018 & Yang 2023"
10068,DNp30,DNp30,11,feeding/hunger,Soderberg 2012
10069,AN07B004,AN07B004,10,,
10071,AN12B011,AN12B011,17,,
10087,ANXXX033,ANXXX033,3,,
10090,aSP22,aSP22,0,"courtship: proboscis extension, front leg reaching, abdomen bending",McKellar 2019
10091,DNpe042,DNpe042,12,,
10104,aSP22,aSP22,0,"courtship: proboscis extension, front leg reaching, abdomen bending",McKellar 2019
10106,DNp11,DNp11,0,escape_takeoff,Dombrovski 2023
10117,DNp02,DNp02,11,escape_takeoff,Dombrovski 2023
10118,DNb05,DNb05,0,"fast locomotion (+ wing MNs), ipsiversive steering","Cande, J. 2018 & Yang 2023"
10123,DNg30,DNg30,0,neuromodulatory,"ICLI, Jiang 2013 (im)"
10124,DNg105,DNg105,0,,
10131,DNg74_a,DNg74_a,0,,
10135,DNge031,DNge031,17,,
10141,DNg15,DNg15,5,,
10143,DNp30,DNp30,11,feeding/hunger,Soderberg 2012
10150,AN27X013,AN27X013,1,,
10151,DNge103,DNge103,0,,
10160,DNg90,DNg90,11,,
10162,DNp20,DNp20,10,"flight (tuned to rotational flow fields), electrical","Suver , 2016"
10163,DNge036,DNge036,17,,
10165,AN05B101,AN05B101,15,,
10177,DNg16,DNg16,0,,
10180,AN02A002,AN02A002,10,,
10192,DNg75,DNg75,0,walking,Sapkal 2024
10195,DNp29,DNp29,0,feeding/hunger,Krashes 2009
10197,DNp02,DNp02,11,escape_takeoff,Dombrovski 2023
10199,AN10B022,AN10B022,7,,
10213,DNge083,DNge083,0,,
10216,DNge037,DNge037,0,,
10218,DNg35,DNg35,3,,
10221,DNge037,DNge037,0,,
10223,DNpe056,DNpe056,0,,
10228,DNp06,DNp06,0,escape takeoff,Kim 2023
10234,DNp35,DNp35,0,escape takeoff,"Cheong, Eichler, Stürner 2024"
10236,DNg99,DNg99,5,,
10237,DNg30,DNg30,0,neuromodulatory,"ICLI, Jiang 2013 (im)"
10244,DNp55,DNp55,12,,
10245,DNp36,DNp36,0,song,"Yu 2010, Lillvis 2024"
10247,DNg74_a,DNg74_a,0,,
10249,DNp31,DNp31,11,,
10253,AN07B004,AN07B004,10,,
10259,DNp11,DNp11,0,escape_takeoff,Dombrovski 2023
10264,DNp31,DNp31,11,,
10274,DNg108,DNg108,0,,
10280,DNp47,DNp47,0,,
10281,DNg108,DNg108,0,,
10283,DNp103,DNp103,0,,
10286,DNpe053,DNpe053,16,,
10291,AN06B007,AN06B007,1,,
10295,DNg34,DNg34,16,octopamine,"Certel et al., 2010, Babski et al., 2024"
10296,DNge054,DNge054,12,,
10301,DNge050,DNge050,0,walking,Sapkal 2024
10304,DNge041,DNge041,11,,
10313,DNge031,DNge031,17,,
10336,DNg22,DNg22,16,"neuromodulatory, reproduction?",Song 2023 (im)
10341,DNp19,DNp19,10,,
10342,DNc02,DNc02,0,neuromodulatory,Martelli et al. 2017 (im)
10354,DNp73,DNp73,5,,
10360,DNa02,DNa02,0,turning during forwards walking,"Yang 2024, Rayshubskiy 2025"
10361,DNg40,DNg40,11,,
10366,DNp59,DNp59,0,,
10377,DNge054,DNge054,12,,
10379,DNa10,DNa10,11,,
10384,DNp63,DNp63,11,,
10388,DNp13,DNp13,16,song,"Wang 2020, Lillvis 2024"
10394,DNg98,DNg98,16,,
10411,DNb09,DNb09,11,,
10416,DNde002,DNde002,0,,
10417,DNp103,DNp103,0,,
10425,DNp10,DNp10,0,landing,Ache 2019
10433,DNp10,DNp10,0,landing,Ache 2019
10434,AN19B019,AN19B019,15,,
10440,DNg16,DNg16,0,,
10442,DNa01,DNa01,0,turning during forwards walking,Rayshubskiy 2025
10444,DNge035,DNge035,0,,
10446,DNp73,DNp73,5,,
10447,DNge138,DNge138,12,octopamine,Babski 2024
10449,DNpe025,DNpe025,0,,
10458,DNp13,DNp13,16,song,"Wang 2020, Lillvis 2024"
10460,DNa09,DNa09,10,,
10464,DNp08,DNp08,0,,
10469,DNbe001,DNbe001,11,,
10482,DNg35,DNg35,3,,
10499,DNge039,DNge039,17,,
10504,DNp62,DNp62,12,feeding/hunger,Soderberg 2012
10506,DNg37,DNg37,5,,
10512,ANXXX109,ANXXX109,6,,
10520,DNg74_b,DNg74_b,0,,
10527,DNpe017,DNpe017,11,,
10535,DNg37,DNg37,5,,
10536,DNg29,DNg29,5,,
10543,DNa16,DNa16,10,,
10544,DNg88,DNg88,12,,
10545,AN06B009,AN06B009,10,,
10548,DNg80,DNg80,16,,
10550,AN02A001,AN02A001,10,,
10552,DNp29,DNp29,0,feeding/hunger,Krashes 2009
10558,DNp35,DNp35,0,escape takeoff,"Cheong, Eichler, Stürner 2024"
10562,DNp26,DNp26,11,,
10575,DNde002,DNde002,0,,
10576,AN12B004,AN12B004,13,,
10577,DNg96,DNg96,12,,
10578,DNpe034,DNpe034,16,,
10580,DNp70,DNp70,12,,
10582,DNge040,DNge040,12,,
10584,DNp06,DNp06,0,escape takeoff,Kim 2023
10587,DNge011,DNge011,17,antennal grooming?,Hampel 2015
10589,DNp43,DNp43,0,,
10590,DNpe052,DNpe052,0,,
10592,AN08B012,AN08B012,3,,
10601,DNpe025,DNpe025,0,,
10620,AN08B007,AN08B007,3,,
10643,DNge059,DNge059,17,,
10649,DNp38,DNp38,0,,
10654,DNb01,DNb01,11,flight,Ros 2024
10662,DNge003,DNge003,17,,
10664,DNp33,DNp33,5,,
10668,DNge006,DNge006,10,,
10671,AN02A002,AN02A002,10,,
10672,DNae009,DNae009,11,,
10674,DNp59,DNp59,0,,
10676,DNg49,DNg49,9,,
10680,DNp48,DNp48,16,,
10686,DNge132,DNge132,5,,
10689,AN12B001,AN12B001,14,,
10692,AN05B101,AN05B101,15,,
10700,DNpe001,DNpe001,11,,
10703,DNge036,DNge036,17,,
10705,DNc02,DNc02,0,neuromodulatory,Martelli et al. 2017 (im)
10710,DNg102,DNg102,16,,
10711,DNb07,DNb07,11,,
10712,DNp36,DNp36,0,song,"Yu 2010, Lillvis 2024"
10713,DNp42,DNp42,0,walking?,Braun 2024?
10717,DNg93,DNg93,0,,
10724,DNp62,DNp62,12,feeding/hunger,Soderberg 2012
10727,DNpe002,DNpe002,11,,
10732,DNpe056,DNpe056,0,,
10734,DNg93,DNg93,0,,
10739,DNg24,DNg24,5,,
10740,DNge143,DNge143,9,,
10752,DNp03,DNp03,11,flight,Buchsbaum 2024
10759,DNb01,DNb01,11,flight,Ros 2024
10760,DNa01,DNa01,0,turning during forwards walking,Rayshubskiy 2025
10763,MDN,MDN,12,backwards walking,Bidaye 2014
10765,pMP2,pMP2,12,song,Lillvis 2024
10770,DNp23,DNp23,12,,
10775,AN01A089,AN01A089,6,,
10783,DNp09,DNp09,0,"defensive responses, forwards turning, halting ","Zacarias 2018, Bidaye 2020, Braun 2024?"
10797,AN12B001,AN12B001,14,,
10800,DNbe007,DNbe007,12,,
10805,DNb02,DNb02,10,steering,Braun 2024?
10810,DNp66,DNp66,12,,
10813,DNp43,DNp43,0,,
10822,DNge047,DNge047,1,,
10823,DNp48,DNp48,16,,
10833,DNge062,DNge062,17,,
10834,DNpe013,DNpe013,11,,
10837,DNa15,DNa15,10,flight,Ros 2024
10838,DNde005,DNde005,16,,
10840,AN19B017,AN19B017,10,,
10841,AN09B004,AN09B004,2,,
10842,CB0429,CB0429,12,,
10844,DNge053,DNge053,11,walking,Sapkal 2024
10846,DNge107,DNge107,10,,
10853,DNge049,DNge049,0,,
10856,DNge129,DNge129,12,,
10873,DNg39,DNg39,12,,
10884,DNa15,DNa15,10,flight,Ros 2024
10885,DNg88,DNg88,12,,
10888,DNb06,DNb06,11,steering,Yang 2024
10895,DNg90,DNg90,11,,
10922,AN08B010,AN08B010,14,,
10923,DNg40,DNg40,11,,
10924,DNa04,DNa04,10,,
10930,pMP2,pMP2,12,song,Lillvis 2024
10931,DNpe045,DNpe045,0,,
10952,DNge107,DNge107,10,,
10957,DNp69,DNp69,16,,
10959,DNg98,DNg98,16,,
10967,DNg70,DNg70,16,,
10968,DNp34,DNp34,0,,
10971,DNa11,DNa11,12,steering,Feng 2024
10975,DNa03,DNa03,10,steering,Feng 2024
10976,DNge146,DNge146,17,,
10979,DNge103,DNge103,0,,
10985,DNbe004,DNbe004,11,,
10989,DNp03,DNp03,11,flight,Buchsbaum 2024
10997,AN06B009,AN06B009,10,,
11002,DNae002,DNae002,10,,
11006,DNge129,DNge129,12,,
11011,AN07B018,AN07B018,1,,
11014,AN01A089,AN01A089,6,,
11020,DNp05,DNp05,11,escape takeoff,"Cheong, Eichler, Stürner 2024"
11028,DNb09,DNb09,11,,
11036,DNg80,DNg80,16,,
11048,DNge068,DNge068,17,,
11057,DNbe004,DNbe004,11,,
11063,DNge032,DNge032,0,,
11064,AN19B017,AN19B017,10,,
11065,DNp14,DNp14,0,reproduction?,Tomke
11066,DNa13,DNa13,0,,
11067,DNb06,DNb06,11,steering,Yang 2024
11072,DNp12,DNp12,16,,
11074,DNg13,DNg13,0,turning during forwards walking,Yang 2024
11075,DNg99,DNg99,5,,
11078,DNg96,DNg96,12,,
11088,DNp55,DNp55,12,,
11097,DNge067,DNge067,5,,
11098,DNg78,DNg78,9,,
11103,DNge141,DNge141,11,,
11111,DNbe003,DNbe003,11,,
11116,pIP10,pIP10,12,song,Lillvis 2024
11121,DNp52,DNp52,1,,
11127,DNge059,DNge059,17,,
11131,DNg70,DNg70,16,,
11133,DNp70,DNp70,12,,
11137,DNp04,DNp04,11,escape takeoff,Dombrovski 2023
11158,DNge026,DNge026,9,,
11159,DNp71,DNp71,0,,
11160,DNd02,DNd02,0,"walking related, slow locomotion, octopamine","Babski 2024, Cande, J. 2018"
11172,DNg32,DNg32,11,,
11173,DNg103,DNg103,4,,
11177,DNp09,DNp09,0,"defensive responses, forwards turning, halting ","Zacarias 2018, Bidaye 2020, Braun 2024?"
11179,DNge051,DNge051,17,,
11182,DNp101,DNp101,12,,
11198,DNg19,DNg19,1,,
11201,DNpe007,DNpe007,4,,
11204,DNp49,DNp49,0,,
11215,DNp15,DNp15,10,steering/walking,Erginkaya 2023 
11222,DNg111,DNg111,11,,
11223,DNg79,DNg79,11,,
11232,DNde003,DNde003,1,,
11233,DNa11,DNa11,12,steering,Feng 2024
11241,DNge143,DNge143,9,,
11246,DNbe006,DNbe006,12,,
11251,DNpe043,DNpe043,0,,
11256,DNge040,DNge040,12,,
11257,DNp45,DNp45,12,,
11258,DNd05,DNd05,0,,
11259,DNp68,DNp68,0,,
11261,DNp54,DNp54,12,,
11288,MDN,MDN,12,backwards walking,Bidaye 2014
11290,DNp66,DNp66,12,,
11297,DNbe003,DNbe003,11,,
11298,DNp49,DNp49,0,,
11302,DNg104,DNg104,12,octopamine,Babski 2024
11304,DNge042,DNge042,17,,
11310,DNge048,DNge048,0,,
11314,DNae003,DNae003,10,steering,Feng 2024
11332,MDN,MDN,12,backwards walking,Bidaye 2014
11334,DNpe045,DNpe045,0,,
11352,DNge027,DNge027,17,,
11365,DNbe007,DNbe007,12,,
11369,DNc01,DNc01,0,neuromodulatory,Martelli et al. 2017 (im)
11373,DNp102,DNp102,11,,
11374,DNg60,DNg60,17,halting,Sapkal 2024
11380,DNp14,DNp14,0,reproduction?,Tomke
11392,DNa08,DNa08,11,,
11410,DNpe023,DNpe023,1,,
11411,DNg31,DNg31,15,,
11420,DNge141,DNge141,11,,
11421,DNge048,DNge048,0,,
11422,ANXXX127,ANXXX127,1,,
11424,DNge026,DNge026,9,,
11425,CB0429,CB0429,12,,
11427,DNge101,DNge101,17,,
11431,AN05B102a,AN05B102a,4,pheromone,Kallman 2015
11438,DNp33,DNp33,5,,
11443,AN04B003,AN04B003,14,,
11458,DNge043,DNge043,11,,
11459,DNpe006,DNpe006,0,,
11466,DNge149,DNge149,0,octopamine,Babski 2024
11475,DNg27,DNg27,15,,
11479,DNb04,DNb04,10,,
11482,DNge065,DNge065,5,,
11486,DNd03,DNd03,0,"walking related,octopamine",Babski 2024
11491,DNde005,DNde005,16,,
11500,DNge043,DNge043,11,,
11502,DNge132,DNge132,5,,
11505,DNp54,DNp54,12,,
11508,AN02A001,AN02A001,10,,
11513,DNp07,DNp07,11,landing,Ache 2019
11527,DNg101,DNg101,12,,
11540,DNge152,DNge152,10,octopamine,Babski 2024
11554,DNp63,DNp63,11,,
11563,DNae001,DNae001,12,,
11568,ANXXX470,ANXXX470,4,taste,Kim 2017
11573,DNpe021,DNpe021,16,,
11575,DNge049,DNge049,0,,
11596,DNpe022,DNpe022,11,,
11598,DNg31,DNg31,15,,
11600,DNge084,DNge084,5,,
11604,AN05B004,AN05B004,16,,
11610,DNae007,DNae007,11,,
11613,DNp45,DNp45,12,,
11614,DNpe032,DNpe032,11,,
11616,ANXXX106,ANXXX106,6,,
11625,DNae005,DNae005,11,,
11632,DNpe052,DNpe052,0,,
11647,DNpe006,DNpe006,0,,
11653,DNg27,DNg27,15,,
11657,DNpe005,DNpe005,11,,
11662,DNp24,DNp24,15,,
11674,DNp68,DNp68,0,,
11676,DNg26,DNg26,15,terminate mating,Gautham 2024
11687,DNpe031,DNpe031,0,,
11693,DNd03,DNd03,0,"walking related,octopamine",Babski 2024
11704,DNp07,DNp07,11,landing,Ache 2019
11706,DNg111,DNg111,11,,
11713,DNg101,DNg101,12,,
11724,DNp64,DNp64,16,,
11733,AN08B018,AN08B018,13,,
11737,DNge073,DNge073,0,,
11739,DNde007,DNde007,12,,
11742,DNp104,DNp104,12,,
11765,DNge142,DNge142,16,neuromodulatory,Mollá-Albaladejo 2024
11770,DNae010,DNae010,10,,
11796,AN10B005,AN10B005,13,rest (leg proprioceptive),Chen 2023
11797,DNge041,DNge041,11,,
11814,DNa04,DNa04,10,,
11820,DNge123,DNge123,1,,
11821,DNge075,DNge075,2,,
11822,AN08B018,AN08B018,13,,
11830,DNa05,DNa05,10,flight,"Cheong, Eichler, Stürner 2024"
11846,DNp102,DNp102,11,,
11851,,na_1,16,,
11859,DNpe050,DNpe050,12,,
11867,AN08B018,AN08B018,13,,
11869,AN19A038,AN19A038,17,,
11872,DNp22,DNp22,10,ocellar,
11876,DNae003,DNae003,10,steering,Feng 2024
11881,DNge023,DNge023,4,,
11889,DNge065,DNge065,5,,
11916,DNbe005,DNbe005,10,,
11931,DNd04,DNd04,16,,
11944,DNpe026,DNpe026,12,,
11948,DNge142,DNge142,16,neuromodulatory,Mollá-Albaladejo 2024
11951,DNg38,DNg38,4,,
11955,DNae010,DNae010,10,,
11961,DNp57,DNp57,11,,
11965,DNge053,DNge053,11,walking,Sapkal 2024
11970,DNge042,DNge042,17,,
11976,AN27X017,AN27X017,17,,
11986,DNge018,DNge018,9,,
11998,AN09B017f,AN09B017f,4,pheromone,Clowney 2015
12000,DNge099,DNge099,1,,
12027,DNp101,DNp101,12,,
12030,DNg91,DNg91,10,,
12035,AN17A008,AN17A008,17,,
12038,DNg38,DNg38,4,,
12039,DNge135,DNge135,15,,
12043,DNg102,DNg102,16,,
12044,DNb08,DNb08,11,,
12069,DNp15,DNp15,10,steering/walking,Erginkaya 2023 
12075,DNb08,DNb08,11,,
12085,DNge136,DNge136,16,,
12089,DNde006,DNde006,1,,
12092,DNge027,DNge027,17,,
12102,DNp38,DNp38,0,,
12133,DNbe005,DNbe005,10,,
12134,DNp58,DNp58,16,,
12136,DNg102,DNg102,16,,
12143,AN01A055,AN01A055,6,,
12151,DNge138,DNge138,12,octopamine,Babski 2024
12154,AN12B004,AN12B004,13,,
12169,DNg87,DNg87,5,,
12170,DNge044,DNge044,17,,
12175,DNge099,DNge099,1,,
12177,DNpe050,DNpe050,12,,
12179,DNpe031,DNpe031,0,,
12188,DNg84,DNg84,5,,
12189,DNb08,DNb08,11,,
12198,AN17B013,AN17B013,7,,
12210,DNg68,DNg68,16,,
12214,DNg109,DNg109,12,,
12218,DNpe031,DNpe031,0,,
12219,DNg48,DNg48,5,,
12222,DNpe031,DNpe031,0,,
12223,DNpe027,DNpe027,11,,
12224,DNg14,DNg14,15,abdominal movement,Braun 2024?
12238,DNg32,DNg32,11,,
12239,DNbe002,DNbe002,0,,
12249,DNg104,DNg104,12,octopamine,Babski 2024
12256,DNge056,DNge056,17,,
12266,DNg43,DNg43,0,,
12286,AN05B102a,AN05B102a,4,pheromone,Kallman 2015
12299,DNg68,DNg68,16,,
12306,DNp22,DNp22,10,ocellar,
12307,DNg59,DNg59,5,,
12325,DNp67,DNp67,12,,
12335,AN06B007,AN06B007,1,,
12348,MDN,MDN,12,backwards walking,Bidaye 2014
12362,DNpe055,DNpe055,11,,
12364,DNge080,DNge080,17,,
12374,DNge140,DNge140,12,,
12378,DNge007,DNge007,1,,
12386,DNg84,DNg84,5,,
12389,DNp60,DNp60,12,,
12393,DNge001,DNge001,17,,
12394,DNge148,DNge148,9,,
12398,AN27X013,AN27X013,1,,
12405,DNge150,DNge150,16,octopamine,Babski 2024
12407,DNge136,DNge136,16,,
12421,DNpe055,DNpe055,11,,
12422,DNge100,DNge100,17,,
12435,DNp67,DNp67,12,,
12443,DNbe002,DNbe002,0,,
12447,DNge124,DNge124,12,,
12451,DNge128,DNge128,5,,
12453,DNg50,DNg50,16,,
12457,AN01B002,AN01B002,3,,
12465,DNg48,DNg48,5,,
12469,AN08B018,AN08B018,13,,
12470,DNge056,DNge056,17,,
12480,DNg26,DNg26,15,terminate mating,Gautham 2024
12484,DNge067,DNge067,5,,
12485,DNge125,DNge125,9,,
12490,DNd04,DNd04,16,,
12492,DNg78,DNg78,9,,
12493,DNge060,DNge060,1,,
12512,DNge010,DNge010,1,,
12516,DNge047,DNge047,1,,
12520,DNge028,DNge028,17,,
12536,AN08B018,AN08B018,13,,
12539,AN12B004,AN12B004,13,,
12548,AN05B097,AN05B097,15,,
12550,DNb08,DNb08,11,,
12559,AN06B014,AN06B014,9,,
12581,DNge069,DNge069,1,,
12583,DNg87,DNg87,5,,
12587,DNge004,DNge004,9,,
12590,DNg22,DNg22,16,"neuromodulatory, reproduction?",Song 2023 (im)
12597,AN27X021,AN27X021,4,,
12601,DNge122,DNge122,3,,
12610,DNg102,DNg102,16,,
12619,DNge007,DNge007,1,,
12620,DNp44,DNp44,0,,
12621,DNg56,DNg56,12,,
12622,DNge022,DNge022,17,,
12628,DNpe042,DNpe042,12,,
12635,DNg19,DNg19,1,,
12647,DNge125,DNge125,9,,
12665,DNg26,DNg26,15,terminate mating,Gautham 2024
12670,DNg71,DNg71,10,,
12673,AN06B011,AN06B011,13,walking,Fujiwara 2022
12675,DNg103,DNg103,4,,
12687,DNge113,DNge113,9,,
12700,AN06B011,AN06B011,13,walking,Fujiwara 2022
12705,DNge123,DNge123,1,,
12707,DNpe043,DNpe043,0,,
12714,DNb07,DNb07,11,,
12743,DNge101,DNge101,17,,
12750,DNge136,DNge136,16,,
12752,DNge080,DNge080,17,,
12753,DNpe003,DNpe003,11,,
12762,DNp41,DNp41,11,,
12767,DNb02,DNb02,10,steering,Braun 2024?
12770,AN12B004,AN12B004,13,,
12771,DNge135,DNge135,15,,
12772,AN08B018,AN08B018,13,,
12775,DNg26,DNg26,15,terminate mating,Gautham 2024
12781,DNge104,DNge104,3,,
12787,DNge033,DNge033,9,,
12788,DNae004,DNae004,8,,
12794,DNg44,DNg44,12,,
12801,DNa05,DNa05,10,flight,"Cheong, Eichler, Stürner 2024"
12818,DNge002,DNge002,9,,
12821,DNg54,DNg54,17,,
12831,DNpe030,DNpe030,4,,
12843,DNpe049,DNpe049,4,,
12850,DNge070,DNge070,9,,
12860,DNg44,DNg44,12,,
12868,ANXXX027,ANXXX027,3,,
12869,DNge098,DNge098,17,,
12874,DNde001,DNde001,0,,
12885,DNpe020,DNpe020,12,,
12886,DNg54,DNg54,17,,
12894,DNge011,DNge011,17,antennal grooming?,Hampel 2015
12897,ANXXX120,ANXXX120,13,,
12914,AN19A038,AN19A038,17,,
12933,AN08B014,AN08B014,1,,
12941,DNge137,DNge137,15,,
12944,DNpe001,DNpe001,11,,
12976,AN05B007,AN05B007,17,,
12982,DNg91,DNg91,10,,
12995,DNde003,DNde003,1,,
12996,AN19B036,AN19B036,14,,
13006,DNge076,DNge076,17,,
13008,DNge140,DNge140,12,,
13022,DNge139,DNge139,16,,
13026,AN08B014,AN08B014,1,,
13030,DNge006,DNge006,10,,
13034,DNg95,DNg95,0,,
13041,ANXXX027,ANXXX027,3,,
13045,DNge086,DNge086,9,,
13047,DNge133,DNge133,5,,
13061,AN08B032,AN08B032,2,,
13065,DNge084,DNge084,5,,
13092,DNp60,DNp60,12,,
13096,DNge018,DNge018,9,,
13104,DNpe030,DNpe030,4,,
13130,DNg105,DNg105,0,,
13133,DNge088,DNge088,10,,
13135,DNge122,DNge122,3,,
13137,AN03A008,AN03A008,1,,
13166,AN08B012,AN08B012,3,,
13176,DNg85,DNg85,5,,
13178,DNge039,DNge039,17,,
13181,ANXXX027,ANXXX027,3,,
13186,DNge028,DNge028,17,,
13188,DNg81,DNg81,9,,
13189,AN08B018,AN08B018,13,,
13212,DNp53,DNp53,10,,
13218,DNg95,DNg95,0,,
13229,DNg41,DNg41,10,,
13245,DNp46,DNp46,12,,
13249,DNpe034,DNpe034,16,,
13254,"DNp51,DNpe019","DNp51,DNpe019",10,,
13257,DNp25,DNp25,15,,
13268,DNg52,DNg52,10,,
13277,DNg86,DNg86,10,,
13278,DNge076,DNge076,17,,
13295,DNge033,DNge033,9,,
13317,DNg33,DNg33,16,,
13337,AN08B020,AN08B020,1,,
13341,AN09B017e,AN09B017e,4,pheromone,Clowney 2015
13348,DNg20,DNg20,5,,
13364,DNge022,DNge022,17,,
13366,DNde001,DNde001,0,,
13377,DNg86,DNg86,10,,
13378,ANXXX057,ANXXX057,2,,
13381,ANXXX027,ANXXX027,3,,
13399,ANXXX093,ANXXX093,4,,
13403,DNp21,DNp21,16,,
13410,DNa14,DNa14,0,,
13432,DNg66,DNg66,16,octopamine,Babski 2024
13442,DNg33,DNg33,16,,
13443,DNge096,DNge096,17,,
13444,DNg51,DNg51,6,,
13445,DNge046,DNge046,13,,
13465,ANXXX102,ANXXX102,1,,
13471,ANXXX068,ANXXX068,9,,
13489,AN08B018,AN08B018,13,,
13492,DNge019,DNge019,17,,
13499,DNge106,DNge106,1,,
13503,AN12B017,AN12B017,14,,
13507,DNg51,DNg51,6,,
13508,DNg17,DNg17,17,,
13509,DNa08,DNa08,11,,
13514,DNae008,DNae008,11,,
13525,DNge096,DNge096,17,,
13527,ANXXX027,ANXXX027,3,,
13538,AN03A008,AN03A008,1,,
13539,,na_2,6,,
13552,AN07B018,AN07B018,1,,
13568,DNg41,DNg41,10,,
13570,DNge063,DNge063,0,,
13578,ANXXX109,ANXXX109,6,,
13580,ANXXX027,ANXXX027,3,,
13585,DNg34,DNg34,16,octopamine,"Certel et al., 2010, Babski et al., 2024"
13586,DNpe049,DNpe049,4,,
13615,DNbe006,DNbe006,12,,
13622,DNg73,DNg73,9,,
13624,DNg62,DNg62,17,antennal grooming,"Braun 2024?, Hampel 2015"
13625,DNge137,DNge137,15,,
13627,DNge082,DNge082,12,,
13633,DNg43,DNg43,0,,
13638,DNge002,DNge002,9,,
13649,DNg79,DNg79,11,,
13652,DNge038,DNge038,12,,
13656,AN04B003,AN04B003,14,,
13657,AN12B019,AN12B019,14,,
13685,DNge008,DNge008,6,,
13693,AN09B017e,AN09B017e,4,pheromone,Clowney 2015
13700,DNg51,DNg51,6,,
13714,ANXXX057,ANXXX057,2,,
13734,ANXXX102,ANXXX102,1,,
13743,DNg51,DNg51,6,,
13745,DNpe035,DNpe035,15,,
13758,AN06B040,AN06B040,9,,
13759,DNge010,DNge010,1,,
13771,AN06B004,AN06B004,1,,
13780,AN19B036,AN19B036,14,,
13785,AN09B004,AN09B004,2,,
13792,AN12B019,AN12B019,14,,
13795,DNge100,DNge100,17,,
13803,DNg61,DNg61,17,,
13805,DNg97,DNg97,0,walking,Sapkal 2024
13815,DNpe026,DNpe026,12,,
13826,DNge137,DNge137,15,,
13827,AN08B018,AN08B018,13,,
13833,ANXXX120,ANXXX120,13,,
13845,AN17A026,AN17A026,3,backwards walking,Sen 2019
13852,DNge069,DNge069,1,,
13854,DNg89,DNg89,9,,
13857,DNge139,DNge139,16,,
13873,DNa14,DNa14,0,,
13878,AN17B008,AN17B008,6,,
13883,AN17B005,AN17B005,14,,
13888,DNge172,DNge172,16,reproduction,Braun 2024??
13891,DNg106,DNg106,5,,
13901,AN27X015,AN27X015,14,,
13922,DNb02,DNb02,10,steering,Braun 2024?
13929,AN08B018,AN08B018,13,,
13952,DNg63,DNg63,12,,
13964,,na_3,4,,
13978,DNg79,DNg79,11,,
13994,DNge172,DNge172,16,reproduction,Braun 2024??
13996,DNge131,DNge131,1,,
14010,AN17A026,AN17A026,3,backwards walking,Sen 2019
14014,AN17A002,AN17A002,2,,
14016,AN08B020,AN08B020,1,,
14024,AN17B008,AN17B008,6,,
14026,AN05B004,AN05B004,16,,
14029,DNp65,DNp65,16,,
14034,AN06B004,AN06B004,1,,
14046,DNg42,DNg42,10,,
14048,DNg52,DNg52,10,,
14063,AN27X003,AN27X003,1,,
14067,DNpe003,DNpe003,11,,
14081,AN08B022,AN08B022,14,,
14085,AN09B012,AN09B012,2,,
14095,ANXXX250,ANXXX250,10,,
14096,DNpe003,DNpe003,11,,
14098,DNge044,DNge044,17,,
14113,AN19A018,AN19A018,15,halting,Sapkal 2024
14114,DNg69,DNg69,15,,
14115,AN10B018,AN10B018,14,,
14119,AN09B023,AN09B023,3,,
14121,AN08B010,AN08B010,14,,
14141,DNg42,DNg42,10,,
14151,DNp24,DNp24,15,,
14152,DNpe041,DNpe041,12,,
14154,DNg76,DNg76,9,,
14157,DNge173,DNge173,17,,
14193,AN10B019,AN10B019,13,,
14196,AN10B019,AN10B019,13,,
14213,DNge060,DNge060,1,,
14214,DNg106,DNg106,5,,
14234,DNg64,DNg64,13,,
14239,DNae004,DNae004,8,,
14246,AN17B012,AN17B012,3,,
14247,DNge127,DNge127,1,,
14249,DNge077,DNge077,17,,
14264,DNde003,DNde003,1,,
14265,DNge133,DNge133,5,,
14271,DNae006,DNae006,6,,
14278,DNg73,DNg73,9,,
14306,DNg89,DNg89,9,,
14320,AN09B017g,AN09B017g,4,,
14328,DNpe040,DNpe040,16,,
14332,DNae006,DNae006,6,,
14357,DNg05_a,DNg05_a,6,,
14364,AN10B019,AN10B019,13,,
14375,DNpe003,DNpe003,11,,
14379,AN04B003,AN04B003,14,,
14387,DNge151,DNge151,16,,
14399,DNpe028,DNpe028,12,,
14421,DNge131,DNge131,1,,
14432,DNge113,DNge113,9,,
14446,DNpe014,DNpe014,11,,
14469,AN10B018,AN10B018,14,,
14484,AN06B040,AN06B040,9,,
14498,AN04B003,AN04B003,14,,
14501,DNp28,DNp28,8,,
14502,ANXXX098,ANXXX098,7,puff-responsive (leg tactile),Chen 2023
14521,AN07B037_b,AN07B037_b,8,,
14527,AN05B103,AN05B103,1,,
14534,ANXXX098,ANXXX098,7,puff-responsive (leg tactile),Chen 2023
14537,DNge078,DNge078,17,antennal grooming,"Braun 2024?, Hampel 2015"
14554,DNg72,DNg72,17,,
14561,AN06B025,AN06B025,10,,
14567,AN27X009,AN27X009,14,,
14569,DNg04,DNg04,10,,
14579,AN27X022,AN27X022,2,,
14587,AN08B018,AN08B018,13,,
14600,AN12B004,AN12B004,13,,
14628,AN09B023,AN09B023,3,,
14642,AN09B002,AN09B002,1,,
14656,AN06B025,AN06B025,10,,
14686,DNg11,DNg11,10,front leg rubbing,Guo 2022
14700,AN01A086,AN01A086,6,,
14716,AN27X018,AN27X018,15,,
14758,AN08B018,AN08B018,13,,
14793,DNge121,DNge121,5,,
14794,AN09B012,AN09B012,2,,
14801,DNge111,DNge111,6,,
14804,DNg63,DNg63,12,,
14826,AN27X021,AN27X021,4,,
14832,"DNp51,DNpe019","DNp51,DNpe019",10,,
14842,DNge184,DNge184,6,,
14846,DNp39,DNp39,11,,
14854,DNg72,DNg72,17,,
14863,AN19A018,AN19A018,15,halting,Sapkal 2024
14885,DNpe040,DNpe040,16,,
14887,DNge072,DNge072,9,,
14899,AN05B006,AN05B006,15,,
14936,DNge052,DNge052,10,,
14950,ANXXX094,ANXXX094,14,,
14952,DNg09_b,DNg09_b,6,,
14964,DNge113,DNge113,9,,
14968,AN06B037,AN06B037,10,,
14970,DNge052,DNge052,10,,
14973,AN19A018,AN19A018,15,halting,Sapkal 2024
14976,ANXXX094,ANXXX094,14,,
14989,DNge127,DNge127,1,,
14994,ANXXX027,ANXXX027,3,,
15014,DNge121,DNge121,5,,
15024,DNp21,DNp21,16,,
15028,DNp41,DNp41,11,,
15047,DNge184,DNge184,6,,
15063,DNg50,DNg50,16,,
15064,DNg05_a,DNg05_a,6,,
15065,DNge016,DNge016,5,,
15070,AN08B012,AN08B012,3,,
15072,DNpe004,DNpe004,10,,
15087,AN10B019,AN10B019,13,,
15100,AN10B019,AN10B019,13,,
15105,DNg55,DNg55,1,steering,Sapkal 2024
15144,AN09B011,AN09B011,14,,
15148,DNg62,DNg62,17,antennal grooming,"Braun 2024?, Hampel 2015"
15156,DNge147,DNge147,17,,
15171,AN09B004,AN09B004,2,,
15188,AN04B001,AN04B001,2,,
15190,AN17A012,AN17A012,15,,
15192,AN05B097,AN05B097,15,,
15201,DNg72,DNg72,17,,
15207,AN09B002,AN09B002,1,,
15254,DNge057,DNge057,17,,
15286,DNg47,DNg47,17,,
15291,AN05B099,AN05B099,2,,
15306,DNpe020,DNpe020,12,,
15326,DNg109,DNg109,12,,
15344,AN07B037_b,AN07B037_b,8,,
15347,DNge082,DNge082,12,,
15354,AN17B009,AN17B009,14,,
15394,DNge147,DNge147,17,,
15442,DNg46,DNg46,10,,
15443,ANXXX027,ANXXX027,3,,
15448,DNge097,DNge097,10,,
15450,DNge057,DNge057,17,,
15454,DNg58,DNg58,14,,
15457,DNpe004,DNpe004,10,,
15483,DNge175,DNge175,5,,
15485,DNge145,DNge145,6,,
15491,DNpe028,DNpe028,12,,
15492,AN10B020,AN10B020,7,,
15502,DNp41,DNp41,11,,
15503,DNge019,DNge019,17,,
15509,DNge091,DNge091,5,,
15509,DNge091,DNge091,5,,
15509,DNge091,DNge091,5,,
15514,AN27X013,AN27X013,1,,
15533,AN17A050,AN17A050,3,,
15537,AN12B017,AN12B017,14,,
15550,ANXXX002,ANXXX002,0,,
15559,ANXXX041,ANXXX041,1,,
15568,DNg11,DNg11,10,front leg rubbing,Guo 2022
15575,DNge030,DNge030,10,,
15590,AN10B017,AN10B017,7,,
15639,ANXXX041,ANXXX041,1,,
15643,ANXXX007,ANXXX007,7,,
15645,AN09B017d,AN09B017d,4,,
15650,AN08B034,AN08B034,14,,
15653,DNge012,DNge012,17,antennal grooming?,Hampel 2015
15667,DNpe014,DNpe014,11,,
15672,AN12B004,AN12B004,13,,
15673,DNg20,DNg20,5,,
15681,DNge113,DNge113,9,,
15705,DNge081,DNge081,1,,
15720,DNge124,DNge124,12,,
15740,ANXXX071,ANXXX071,17,,
15749,ANXXX071,ANXXX071,17,,
15751,AN17A003,AN17A003,3,,
15758,AN05B099,AN05B099,2,,
15760,DNg72,DNg72,17,,
15796,DNg106,DNg106,5,,
15800,DNge072,DNge072,9,,
15811,DNg45,DNg45,1,,
15821,DNge081,DNge081,1,,
15825,DNg21,DNg21,1,,
15833,DNp52,DNp52,1,,
15835,DNp25,DNp25,15,,
15847,DNg107,DNg107,1,,
15857,DNge058,DNge058,1,,
15884,AN17A076,AN17A076,3,,
15906,AN23B001,AN23B001,3,,
15931,AN06B037,AN06B037,10,,
15939,DNp41,DNp41,11,,
15941,AN08B024,AN08B024,13,,
15945,DNpe035,DNpe035,15,,
15981,AN09B004,AN09B004,2,,
15988,DNge064,DNge064,12,,
15995,DNge013,DNge013,16,,
16063,AN07B017,AN07B017,17,,
16078,DNge181,DNge181,6,,
16079,DNge068,DNge068,17,,
16086,ANXXX041,ANXXX041,1,,
16098,DNge029,DNge029,17,,
16118,DNge145,DNge145,6,,
16119,DNpe014,DNpe014,11,,
16130,DNge034,DNge034,1,,
16173,AN27X018,AN27X018,15,,
16174,AN17B009,AN17B009,14,,
16176,AN08B034,AN08B034,14,,
16189,AN08B024,AN08B024,13,,
16191,DNb03,DNb03,10,,
16200,AN08B024,AN08B024,13,,
16202,AN17A012,AN17A012,15,,
16221,DNg21,DNg21,1,,
16230,AN10B020,AN10B020,7,,
16245,DNpe033,DNpe033,1,,
16257,DNge091,DNge091,5,,
16257,DNge091,DNge091,5,,
16257,DNge091,DNge091,5,,
16297,AN00A006,AN00A006,15,,
16302,AN09B017d,AN09B017d,4,,
16307,DNge001,DNge001,17,,
16326,AN08B025,AN08B025,7,,
16336,ANXXX098,ANXXX098,7,puff-responsive (leg tactile),Chen 2023
16338,AN12B006,AN12B006,13,,
16369,DNg01_b,DNg01_b,10,,
16384,AN17A003,AN17A003,3,,
16399,DNg11,DNg11,10,front leg rubbing,Guo 2022
16458,ANXXX041,ANXXX041,1,,
16462,ANXXX139,ANXXX139,15,,
16466,AN05B102d,AN05B102d,4,,
16471,DNg106,DNg106,5,,
16500,AN05B097,AN05B097,15,,
16505,AN05B102d,AN05B102d,4,,
16506,AN04B023,AN04B023,1,,
16510,AN09B009,AN09B009,3,,
16535,AN09B017c,AN09B017c,4,,
16536,DNge075,DNge075,2,,
16542,AN19A018,AN19A018,15,halting,Sapkal 2024
16544,AN18B022,AN18B022,10,,
16563,AN19B028,AN19B028,10,,
16569,AN05B097,AN05B097,15,,
16593,ANXXX002,ANXXX002,0,,
16616,AN19B025,AN19B025,9,,
16623,DNge034,DNge034,1,,
16672,AN17B008,AN17B008,6,,
16675,AN08B112,AN08B112,7,,
16687,AN09B033,AN09B033,4,,
16697,AN08B025,AN08B025,7,,
16701,DNpe012_a,DNpe012_a,10,,
16703,DNpe033,DNpe033,1,,
16712,DNb03,DNb03,10,,
16730,AN08B024,AN08B024,13,,
16731,DNg94,DNg94,10,,
16741,DNge019,DNge019,17,,
16746,DNge064,DNge064,12,,
16747,AN09B017b,AN09B017b,4,,
16749,AN08B024,AN08B024,13,,
16750,AN17B016,AN17B016,14,,
16829,DNb03,DNb03,10,,
16830,AN09B017c,AN09B017c,4,,
16850,DNg23,DNg23,5,,
16856,DNge134,DNge134,13,,
16864,DNg59,DNg59,5,,
16868,AN17A002,AN17A002,2,,
16878,DNge019,DNge019,17,,
16885,AN27X009,AN27X009,14,,
16893,AN10B026,AN10B026,1,,
16897,AN04B003,AN04B003,14,,
16918,AN18B022,AN18B022,10,,
16923,ANXXX007,ANXXX007,7,,
16935,DNge097,DNge097,10,,
16942,DNge098,DNge098,17,,
16957,AN09B004,AN09B004,2,,
16966,ANXXX218,ANXXX218,14,,
16977,ANXXX098,ANXXX098,7,puff-responsive (leg tactile),Chen 2023
16983,AN17B016,AN17B016,14,,
16994,DNg17,DNg17,17,,
17019,DNpe004,DNpe004,10,,
17093,DNg45,DNg45,1,,
17094,AN09B023,AN09B023,3,,
17097,AN06B007,AN06B007,1,,
17101,DNg106,DNg106,5,,
17103,AN09B017a,AN09B017a,4,,
17120,DNg82,DNg82,10,,
17124,ANXXX082,ANXXX082,14,,
17158,AN05B099,AN05B099,2,,
17179,DNa07,DNa07,10,,
17198,DNge035,DNge035,0,,
17199,DNg82,DNg82,10,,
17206,AN08B026,AN08B026,1,,
17210,DNpe036,DNpe036,16,,
17211,DNge174,DNge174,17,,
17231,AN08B027,AN08B027,1,,
17253,AN09B007,AN09B007,14,,
17322,AN27X016,AN27X016,13,,
17331,DNg02_d,DNg02_d,10,flight,Namiki 2022
17333,DNg106,DNg106,5,,
17335,AN09B017a,AN09B017a,4,,
17344,ANXXX218,ANXXX218,14,,
17361,AN10B021,AN10B021,14,,
17367,DNp65,DNp65,16,,
17373,DNg58,DNg58,14,,
17378,AN27X017,AN27X017,17,,
17382,AN06B034,AN06B034,10,,
17386,DNg12_d,DNg12_d,9,ventral head grooming and front leg rubbing,Guo 2022
17416,AN05B102c,AN05B102c,4,,
17446,AN19B036,AN19B036,14,,
17448,ANXXX098,ANXXX098,7,puff-responsive (leg tactile),Chen 2023
17452,AN17A012,AN17A012,15,,
17456,AN02A009,AN02A009,7,,
17471,DNg09_b,DNg09_b,6,,
17490,AN04B001,AN04B001,2,,
17492,AN05B023d,AN05B023d,4,,
17494,AN06B039,AN06B039,14,,
17503,ANXXX093,ANXXX093,4,,
17510,AN19A018,AN19A018,15,halting,Sapkal 2024
17513,AN05B009,AN05B009,3,,
17519,ANXXX120,ANXXX120,13,,
17522,AN18B001,AN18B001,12,,
17524,AN06B057,AN06B057,7,,
17549,AN09B011,AN09B011,14,,
17554,ANXXX470,ANXXX470,4,taste,Kim 2017
17555,DNxl114,DNxl114,2,,
17585,AN02A017,AN02A017,8,,
17628,AN23B001,AN23B001,3,,
17637,AN08B027,AN08B027,1,,
17674,AN03B094,AN03B094,13,,
17684,AN17A015,AN17A015,2,,
17695,AN07B017,AN07B017,17,,
17713,AN04B003,AN04B003,14,,
17724,AN19B049,AN19B049,13,,
17727,DNg09_a,DNg09_a,6,,
17739,DNge105,DNge105,17,,
17757,AN19B001,AN19B001,16,,
17788,AN10B021,AN10B021,14,,
17792,AN08B026,AN08B026,1,,
17832,AN06B026,AN06B026,13,,
17873,AN02A009,AN02A009,7,,
17887,ANXXX131,ANXXX131,13,,
17955,ANXXX120,ANXXX120,13,,
17967,DNde006,DNde006,1,,
18050,AN09B009,AN09B009,3,,
18054,AN04B023,AN04B023,1,,
18072,DNp16_a,DNp16_a,10,,
18110,DNge145,DNge145,6,,
18122,DNg77,DNg77,2,,
18134,AN12A003,AN12A003,14,,
18153,AN17A012,AN17A012,15,,
18159,DNge174,DNge174,17,,
18164,AN05B102c,AN05B102c,4,,
18183,DNg02_f,DNg02_f,10,flight,Namiki 2022
18229,DNge021,DNge021,17,,
18232,AN09B027,AN09B027,14,,
18265,DNge019,DNge019,17,,
18278,AN05B029,AN05B029,3,,
18279,AN09B007,AN09B007,14,,
18281,ANXXX050,ANXXX050,15,,
18324,AN05B025,AN05B025,4,,
18325,AN09B018,AN09B018,15,,
18338,AN09B003,AN09B003,1,,
18366,AN12B019,AN12B019,14,,
18373,AN17B007,AN17B007,14,,
18430,AN05B023c,AN05B023c,4,,
18436,AN07B037_a,AN07B037_a,13,,
18445,AN19B049,AN19B049,13,,
18455,AN17B008,AN17B008,6,,
18490,AN06B057,AN06B057,7,,
18513,AN02A005,AN02A005,8,,
18532,DNg09_a,DNg09_a,6,,
18556,DNg03,DNg03,6,,
18562,DNg11,DNg11,10,front leg rubbing,Guo 2022
18568,AN27X003,AN27X003,1,,
18572,AN06B090,AN06B090,6,,
18589,AN02A005,AN02A005,8,,
18607,DNpe037,DNpe037,11,,
18616,DNg12_a,DNg12_a,9,ventral head grooming and front leg rubbing,Guo 2022
18626,AN06B026,AN06B026,13,,
18627,AN05B025,AN05B025,4,,
18641,AN05B026,AN05B026,4,,
18643,AN09B027,AN09B027,14,,
18679,AN08B026,AN08B026,1,,
18696,AN05B023c,AN05B023c,4,,
18714,AN18B004,AN18B004,3,,
18804,AN09B012,AN09B012,2,,
18811,AN12A003,AN12A003,14,,
18940,AN05B006,AN05B006,15,,
18957,AN05B099,AN05B099,2,,
19030,DNge091,DNge091,5,,
19030,DNge091,DNge091,5,,
19030,DNge091,DNge091,5,,
19038,DNg106,DNg106,5,,
19043,AN08B026,AN08B026,1,,
19063,AN17A015,AN17A015,2,,
19084,DNge029,DNge029,17,,
19090,AN07B037_a,AN07B037_a,13,,
19124,AN03A002,AN03A002,9,"front leg walking, pushing, grooming",Chen 2023
19175,AN06B002,AN06B002,14,,
19197,AN09B018,AN09B018,15,,
19206,AN06B034,AN06B034,10,,
19214,DNge019,DNge019,17,,
19217,AN23B003,AN23B003,1,,
19227,AN08B069,AN08B069,13,wing vibration,Lillvis 2024
19247,DNg106,DNg106,5,,
19268,DNge177,DNge177,9,,
19280,AN08B028,AN08B028,13,,
19408,AN10B022,AN10B022,7,,
19411,AN09B029,AN09B029,3,,
19419,AN09B029,AN09B029,3,,
19428,DNge144,DNge144,1,,
19433,AN19B025,AN19B025,9,,
19440,AN09B016,AN09B016,14,,
19441,DNg12_a,DNg12_a,9,ventral head grooming and front leg rubbing,Guo 2022
19450,DNge091,DNge091,5,,
19450,DNge091,DNge091,5,,
19450,DNge091,DNge091,5,,
19455,DNg12_h,DNg12_h,9,ventral head grooming and front leg rubbing,Guo 2022
19457,AN06B002,AN06B002,14,,
19480,ANXXX462a,ANXXX462a,4,,
19489,DNpe010,DNpe010,10,,
19570,DNpe010,DNpe010,10,,
19573,DNg08,DNg08,6,,
19581,AN17A062,AN17A062,2,,
19607,AN19B024,AN19B024,10,,
19612,ANXXX030,ANXXX030,1,,
19631,DNg12_h,DNg12_h,9,ventral head grooming and front leg rubbing,Guo 2022
19633,DNg11,DNg11,10,front leg rubbing,Guo 2022
19651,AN07B037_a,AN07B037_a,13,,
19664,DNge019,DNge019,17,,
19691,DNge110,DNge110,6,,
19709,AN05B097,AN05B097,15,,
19733,ANXXX174,ANXXX174,13,,
19749,DNge091,DNge091,5,,
19749,DNge091,DNge091,5,,
19749,DNge091,DNge091,5,,
19753,AN23B003,AN23B003,1,,
19773,DNg02_g,DNg02_g,10,flight,Namiki 2022
19871,DNg06,DNg06,6,,
19886,AN04B023,AN04B023,1,,
19946,DNge177,DNge177,9,,
19960,DNa07,DNa07,10,,
19962,DNge181,DNge181,6,,
19981,AN06A015,AN06A015,7,,
19982,AN04B023,AN04B023,1,,
19994,DNge091,DNge091,5,,
19994,DNge091,DNge091,5,,
19994,DNge091,DNge091,5,,
20010,AN06B002,AN06B002,14,,
20014,AN19B024,AN19B024,10,,
20022,AN02A017,AN02A017,8,,
20051,DNge183,DNge183,6,,
20054,DNge091,DNge091,5,,
20054,DNge091,DNge091,5,,
20054,DNge091,DNge091,5,,
20065,ANXXX055,ANXXX055,15,,
20102,DNge178,DNge178,17,,
20106,ANXXX075,ANXXX075,2,,
20108,AN05B102b,AN05B102b,4,,
20129,DNg12_e,DNg12_e,17,ventral head grooming and front leg rubbing,Guo 2022
20131,DNpe004,DNpe004,10,,
20170,AN17B013,AN17B013,7,,
20185,DNg36_a,DNg36_a,10,,
20216,AN07B106,AN07B106,14,,
20217,ANXXX165,ANXXX165,13,,
20227,ANXXX005,ANXXX005,2,,
20234,DNge175,DNge175,5,,
20288,DNge177,DNge177,9,,
20289,DNg02_g,DNg02_g,10,flight,Namiki 2022
20328,AN09B060,AN09B060,2,,
20344,AN08B026,AN08B026,1,,
20354,DNg57,DNg57,5,,
20371,ANXXX151,ANXXX151,4,,
20398,AN01A033,AN01A033,1,,
20408,DNge021,DNge021,17,,
20414,DNp16_a,DNp16_a,10,,
20418,DNpe053,DNpe053,16,,
20456,AN08B028,AN08B028,13,,
20473,DNg12_c,DNg12_c,9,ventral head grooming and front leg rubbing,Guo 2022
20489,AN02A025,AN02A025,13,,
20515,DNg08,DNg08,6,,
20525,AN07B013,AN07B013,2,,
20530,AN05B024,AN05B024,2,,
20531,DNg09_a,DNg09_a,6,,
20539,AN12B006,AN12B006,13,,
20636,AN12B019,AN12B019,14,,
20643,DNg57,DNg57,5,,
20644,AN09B014,AN09B014,5,,
20691,AN08B069,AN08B069,13,wing vibration,Lillvis 2024
20734,AN19B036,AN19B036,14,,
20743,DNge019,DNge019,17,,
20745,DNpe009,DNpe009,10,,
20753,DNp16_b,DNp16_b,10,,
20769,AN23B004,AN23B004,14,,
20774,DNg36_a,DNg36_a,10,,
20788,DNg12_c,DNg12_c,9,ventral head grooming and front leg rubbing,Guo 2022
20821,DNg08,DNg08,6,,
20831,AN09A005,AN09A005,14,,
20842,AN09B059,AN09B059,1,,
20849,DNg02_b,DNg02_b,10,flight,Namiki 2022
20886,DNge025,DNge025,17,,
20891,ANXXX116,ANXXX116,15,,
20898,AN09B060,AN09B060,2,,
20923,DNg110,DNg110,6,,
20962,DNg02_f,DNg02_f,10,flight,Namiki 2022
20977,AN23B004,AN23B004,14,,
20983,AN06A015,AN06A015,7,,
21020,ANXXX165,ANXXX165,13,,
21027,DNp17,DNp17,10,steering?,
21031,DNp72,DNp72,10,,
21035,ANXXX151,ANXXX151,4,,
21050,ANXXX174,ANXXX174,13,,
21061,AN10B020,AN10B020,7,,
21122,DNg02_a,DNg02_a,10,flight,Namiki 2022
21128,AN17B008,AN17B008,6,,
21140,AN08B009,AN08B009,1,,
21146,DNge091,DNge091,5,,
21146,DNge091,DNge091,5,,
21146,DNge091,DNge091,5,,
21149,DNg107,DNg107,1,,
21155,DNg106,DNg106,5,,
21182,AN06B014,AN06B014,9,,
21195,AN05B097,AN05B097,15,,
21239,ANXXX106,ANXXX106,6,,
21254,ANXXX150,ANXXX150,15,reproduction,Feng 2014
21278,DNg106,DNg106,5,,
21296,AN04B023,AN04B023,1,,
21309,AN05B102b,AN05B102b,4,,
21354,AN08B086,AN08B086,13,,
21360,AN04B001,AN04B001,2,,
21403,DNge183,DNge183,6,,
21428,DNge091,DNge091,5,,
21428,DNge091,DNge091,5,,
21428,DNge091,DNge091,5,,
21484,AN08B034,AN08B034,14,,
21512,AN08B013,AN08B013,2,,
21527,ANXXX472,ANXXX472,14,,
21533,AN10B008,AN10B008,9,,
21549,AN08B009,AN08B009,1,,
21578,DNg106,DNg106,5,,
21581,DNge178,DNge178,17,,
21589,DNge111,DNge111,6,,
21624,DNg12_a,DNg12_a,9,ventral head grooming and front leg rubbing,Guo 2022
21662,AN07B106,AN07B106,14,,
21668,DNge019,DNge019,17,,
21712,DNp16_b,DNp16_b,10,,
21730,AN23B010,AN23B010,17,,
21743,AN19B014,AN19B014,9,,
21763,AN13B002,AN13B002,4,,
21764,AN09B059,AN09B059,1,,
21770,AN09B034,AN09B034,1,,
21783,AN27X008,AN27X008,6,flight,Cheong 2024
21803,AN08B048,AN08B048,14,,
21863,DNg106,DNg106,5,,
21870,AN10B022,AN10B022,7,,
21929,AN12B005,AN12B005,1,,
22012,DNxl114,DNxl114,2,,
22024,DNge181,DNge181,6,,
22033,DNg12_c,DNg12_c,9,ventral head grooming and front leg rubbing,Guo 2022
22047,AN00A006,AN00A006,15,,
22058,ANXXX030,ANXXX030,1,,
22080,DNg12_g,DNg12_g,8,ventral head grooming and front leg rubbing,Guo 2022
22087,DNg83,DNg83,5,,
22090,AN27X016,AN27X016,13,,
22115,AN08B050,AN08B050,1,,
22128,DNg12_g,DNg12_g,8,ventral head grooming and front leg rubbing,Guo 2022
22158,DNpe012_b,DNpe012_b,10,,
22190,DNg12_e,DNg12_e,17,ventral head grooming and front leg rubbing,Guo 2022
22210,AN06B089,AN06B089,3,,
22247,AN07B013,AN07B013,2,,
22319,AN08B010,AN08B010,14,,
22356,dMS9,dMS9,14,pulse song,Lillvis 2024
22390,DNge008,DNge008,6,,
22393,DNg02_a,DNg02_a,10,flight,Namiki 2022
22404,DNg02_a,DNg02_a,10,flight,Namiki 2022
22432,ANXXX049,ANXXX049,14,,
22462,DNg02_g,DNg02_g,10,flight,Namiki 2022
22469,AN18B019,AN18B019,14,,
22474,DNg12_e,DNg12_e,17,ventral head grooming and front leg rubbing,Guo 2022
22480,AN18B019,AN18B019,14,,
22499,AN10B009,AN10B009,17,,
22518,AN09B060,AN09B060,2,,
22564,DNg12_e,DNg12_e,17,ventral head grooming and front leg rubbing,Guo 2022
22572,AN09B034,AN09B034,1,,
22596,DNg12_e,DNg12_e,17,ventral head grooming and front leg rubbing,Guo 2022
22597,AN01A033,AN01A033,1,,
22617,AN10B022,AN10B022,7,,
22627,DNge095,DNge095,10,,
22645,DNge087,DNge087,8,,
22692,DNg110,DNg110,6,,
22728,AN17A004,AN17A004,3,,
22757,DNge019,DNge019,17,,
22758,DNg67,DNg67,4,,
22840,ANXXX116,ANXXX116,15,,
22880,AN23B010,AN23B010,17,,
22916,AN08B086,AN08B086,13,,
22931,ANXXX006,ANXXX006,17,,
22961,AN09B026,AN09B026,13,,
22979,AN10B020,AN10B020,7,,
23067,AN09B019,AN09B019,4,,
23140,AN09B019,AN09B019,4,,
23168,AN01B002,AN01B002,3,,
23178,DNge111,DNge111,6,,
23188,AN18B023,AN18B023,9,,
23220,DNge111,DNge111,6,,
23301,AN27X022,AN27X022,2,,
23323,AN10B015,AN10B015,2,,
23341,DNg110,DNg110,6,,
23361,ANXXX191,ANXXX191,9,,
23382,AN01B002,AN01B002,3,,
23411,DNg02_a,DNg02_a,10,flight,Namiki 2022
23412,DNge181,DNge181,6,,
23425,ANXXX170,ANXXX170,2,,
23498,AN08B022,AN08B022,14,,
23513,AN05B035,AN05B035,4,,
23566,AN17A004,AN17A004,3,,
23628,DNg12_a,DNg12_a,9,ventral head grooming and front leg rubbing,Guo 2022
23667,DNge087,DNge087,8,,
23685,ANXXX132,ANXXX132,14,,
23715,DNge093,DNge093,6,,
23747,AN10B024,AN10B024,14,turning,Chen 2023
23755,AN08B048,AN08B048,14,,
23784,AN09B024,AN09B024,1,,
23797,AN12B008,AN12B008,1,,
23819,DNge111,DNge111,6,,
23826,AN05B005,AN05B005,2,,
23882,DNge015,DNge015,6,,
23891,DNge120,DNge120,1,,
23892,DNge095,DNge095,10,,
23953,DNge091,DNge091,5,,
23953,DNge091,DNge091,5,,
23953,DNge091,DNge091,5,,
23960,DNg12_c,DNg12_c,9,ventral head grooming and front leg rubbing,Guo 2022
23975,AN06B012,AN06B012,13,,
24022,AN09B024,AN09B024,1,,
24038,DNg08,DNg08,6,,
24043,DNge090,DNge090,6,,
24050,AN05B098,AN05B098,2,,
24058,DNge014,DNge014,6,,
24115,AN19A018,AN19A018,15,halting,Sapkal 2024
24133,AN19B001,AN19B001,16,,
24155,AN07B036,AN07B036,8,,
24184,DNg110,DNg110,6,,
24229,AN10B015,AN10B015,2,,
24232,DNg36_a,DNg36_a,10,,
24246,AN05B098,AN05B098,2,,
24350,DNge109,DNge109,7,,
24354,DNge090,DNge090,6,,
24357,AN06B002,AN06B002,14,,
24374,DNg08,DNg08,6,,
24412,AN06B012,AN06B012,13,,
24435,AN07B021,AN07B021,14,,
24451,AN07B013,AN07B013,2,,
24466,DNpe012_b,DNpe012_b,10,,
24517,DNg53,DNg53,9,,
24522,AN08B028,AN08B028,13,,
24534,ANXXX049,ANXXX049,14,,
24540,DNge025,DNge025,17,,
24544,AN02A025,AN02A025,13,,
24593,AN19B015,AN19B015,14,,
24619,DNg12_c,DNg12_c,9,ventral head grooming and front leg rubbing,Guo 2022
24657,DNge091,DNge091,5,,
24657,DNge091,DNge091,5,,
24657,DNge091,DNge091,5,,
24666,DNge117,DNge117,10,,
24700,AN08B031,AN08B031,17,wing vibration,Lillvis 2024
24752,DNp72,DNp72,10,,
24831,AN08B028,AN08B028,13,,
24880,DNg12_f,DNg12_f,13,ventral head grooming and front leg rubbing,Guo 2022
24888,AN03B011,AN03B011,14,,
24913,AN10B015,AN10B015,2,,
24924,ANXXX144,ANXXX144,14,,
24961,DNg12_a,DNg12_a,9,ventral head grooming and front leg rubbing,Guo 2022
24966,ANXXX026,ANXXX026,17,,
24974,AN09B015,AN09B015,14,,
24975,AN12B008,AN12B008,1,,
24987,DNpe012_b,DNpe012_b,10,,
24997,AN08B013,AN08B013,2,,
25046,DNge115,DNge115,7,,
25047,AN09B020,AN09B020,3,,
25076,AN08B022,AN08B022,14,,
25092,ANXXX082,ANXXX082,14,,
25114,ANXXX144,ANXXX144,14,,
25153,AN06B002,AN06B002,14,,
25179,ANXXX132,ANXXX132,14,,
25180,DNg12_a,DNg12_a,9,ventral head grooming and front leg rubbing,Guo 2022
25185,AN09A007,AN09A007,1,,
25188,DNg08,DNg08,6,,
25205,DNg92_b,DNg92_b,10,,
25230,AN18B032,AN18B032,1,,
25249,DNge092,DNge092,8,,
25283,DNg08,DNg08,6,,
25335,AN01B018,AN01B018,2,,
25357,DNg02_d,DNg02_d,10,flight,Namiki 2022
25411,AN09B015,AN09B015,14,,
25455,AN08B022,AN08B022,14,,
25461,DNg08,DNg08,6,,
25465,DNg07,DNg07,6,flight,Namiki 2022
25474,DNg07,DNg07,6,flight,Namiki 2022
25504,DNge092,DNge092,8,,
25535,DNp17,DNp17,10,steering?,
25589,DNg07,DNg07,6,flight,Namiki 2022
25634,DNge091,DNge091,5,,
25634,DNge091,DNge091,5,,
25634,DNge091,DNge091,5,,
25687,AN10B022,AN10B022,7,,
25693,AN05B044,AN05B044,1,,
25802,DNge092,DNge092,8,,
25819,AN01B004,AN01B004,4,,
25844,DNge058,DNge058,1,,
25848,DNg08,DNg08,6,,
25852,DNg02_a,DNg02_a,10,flight,Namiki 2022
25861,DNge038,DNge038,12,,
25876,DNge108,DNge108,10,,
25974,ANXXX178,ANXXX178,2,,
25983,DNpe009,DNpe009,10,,
25985,DNge074,DNge074,1,,
26012,AN03B011,AN03B011,14,,
26049,DNg02_a,DNg02_a,10,flight,Namiki 2022
26066,AN06B005,AN06B005,14,,
26079,DNg02_b,DNg02_b,10,flight,Namiki 2022
26088,AN08B010,AN08B010,14,,
26090,AN09B060,AN09B060,2,,
26146,ANXXX154,ANXXX154,13,,
26182,DNg08,DNg08,6,,
26232,DNg08,DNg08,6,,
26241,AN01B002,AN01B002,3,,
26269,AN18B019,AN18B019,14,,
26278,AN07B005,AN07B005,2,,
26284,AN05B005,AN05B005,2,,
26385,DNge087,DNge087,8,,
26413,DNg07,DNg07,6,flight,Namiki 2022
26441,DNg12_f,DNg12_f,13,ventral head grooming and front leg rubbing,Guo 2022
26452,DNg07,DNg07,6,flight,Namiki 2022
26464,DNge115,DNge115,7,,
26471,AN01B002,AN01B002,3,,
26512,DNg07,DNg07,6,flight,Namiki 2022
26564,AN00A006,AN00A006,15,,
26566,AN05B044,AN05B044,1,,
26587,DNg08,DNg08,6,,
26591,DNg07,DNg07,6,flight,Namiki 2022
26636,DNp58,DNp58,16,,
26644,DNge094,DNge094,8,,
26644,DNge094,DNge094,8,,
26652,DNge094,DNge094,8,,
26652,DNge094,DNge094,8,,
26661,AN04B051,AN04B051,13,,
26671,ANXXX026,ANXXX026,17,,
26672,DNpe012_b,DNpe012_b,10,,
26680,AN07B005,AN07B005,2,,
26687,AN01B005,AN01B005,1,,
26743,DNge094,DNge094,8,,
26743,DNge094,DNge094,8,,
26824,DNg08,DNg08,6,,
26842,vMS13,vMS13,13,,
26916,AN18B023,AN18B023,9,,
26984,DNge115,DNge115,7,,
27001,DNge094,DNge094,8,,
27001,DNge094,DNge094,8,,
27041,DNg08,DNg08,6,,
27079,ANXXX072,ANXXX072,14,,
27113,DNge180,DNge180,6,,
27118,DNg08,DNg08,6,,
27135,DNge015,DNge015,6,,
27143,DNg07,DNg07,6,flight,Namiki 2022
27144,DNge092,DNge092,8,,
27170,DNge017,DNge017,10,,
27180,AN09B033,AN09B033,4,,
27254,DNg01_c,DNg01_c,1,,
27346,AN05B021,AN05B021,2,,
27373,AN03B009,AN03B009,2,,
27437,DNg07,DNg07,6,flight,Namiki 2022
27475,AN17B011,AN17B011,1,,
27490,DNge015,DNge015,6,,
27525,DNge094,DNge094,8,,
27525,DNge094,DNge094,8,,
27578,AN01B005,AN01B005,1,,
27598,DNp17,DNp17,10,steering?,
27607,DNge017,DNge017,10,,
27615,DNge115,DNge115,7,,
27626,DNge093,DNge093,6,,
27702,ANXXX013,ANXXX013,2,,
27714,ANXXX152,ANXXX152,15,,
27715,DNg08,DNg08,6,,
27735,DNge110,DNge110,6,,
27792,DNge093,DNge093,6,,
27797,AN09A007,AN09A007,1,,
27800,DNpe012_a,DNpe012_a,10,,
27816,ANXXX027,ANXXX027,3,,
27859,AN01B004,AN01B004,4,,
27952,AN12B017,AN12B017,14,,
27964,AN09B026,AN09B026,13,,
28000,DNg07,DNg07,6,flight,Namiki 2022
28001,DNge094,DNge094,8,,
28001,DNge094,DNge094,8,,
28084,AN05B095,AN05B095,2,,
28105,ANXXX154,ANXXX154,13,,
28131,AN06B088,AN06B088,14,,
28152,DNge180,DNge180,6,,
28165,AN08B084,AN08B084,14,,
28192,AN01B004,AN01B004,4,,
28255,ANXXX139,ANXXX139,15,,
28288,AN07B040,AN07B040,17,,
28414,DNge116,DNge116,8,,
28450,DNge153,DNge153,4,,
28455,ANXXX404,ANXXX404,5,,
28508,AN17A003,AN17A003,3,,
28519,DNg08,DNg08,6,,
28522,ANXXX169,ANXXX169,15,,
28579,DNg01_a,DNg01_a,10,,
28580,ANXXX178,ANXXX178,2,,
28584,ANXXX013,ANXXX013,2,,
28602,DNg01_b,DNg01_b,10,,
28653,ANXXX136,ANXXX136,16,,
28663,AN18B032,AN18B032,1,,
28678,DNg110,DNg110,6,,
28683,ANXXX170,ANXXX170,2,,
28687,DNge115,DNge115,7,,
28756,DNg08,DNg08,6,,
28826,AN09B009,AN09B009,3,,
28852,AN17A018,AN17A018,3,,
28856,AN09B009,AN09B009,3,,
28901,ANXXX136,ANXXX136,16,,
28905,DNg02_a,DNg02_a,10,flight,Namiki 2022
28929,AN19B042,AN19B042,13,,
28940,DNg94,DNg94,10,,
28949,DNg07,DNg07,6,flight,Namiki 2022
28961,DNge116,DNge116,8,,
28967,AN01B005,AN01B005,1,,
29059,DNge115,DNge115,7,,
29086,DNge023,DNge023,4,,
29158,DNge085,DNge085,8,,
29188,DNge108,DNge108,10,,
29234,ANXXX202,ANXXX202,16,,
29242,DNge153,DNge153,4,,
29304,AN17A003,AN17A003,3,,
29310,DNg06,DNg06,6,,
29334,AN09B018,AN09B018,15,,
29509,DNg07,DNg07,6,flight,Namiki 2022
29594,DNg08,DNg08,6,,
29609,DNg08,DNg08,6,,
29639,DNg05_b,DNg05_b,8,,
29643,AN17A018,AN17A018,3,,
29665,AN17A018,AN17A018,3,,
29685,DNp17,DNp17,10,steering?,
29770,ANXXX072,ANXXX072,14,,
29830,AN01B005,AN01B005,1,,
29854,DNpe015,DNpe015,10,,
29867,AN12B017,AN12B017,14,,
29908,AN04B023,AN04B023,1,,
29923,AN19B044,AN19B044,8,,
29930,AN06B075,AN06B075,7,,
29934,DNpe012_a,DNpe012_a,10,,
30016,AN07B013,AN07B013,2,,
30022,AN19B042,AN19B042,13,,
30051,AN06B023,AN06B023,10,,
30088,AN13B002,AN13B002,4,,
30095,AN09B033,AN09B033,4,,
30119,AN06B023,AN06B023,10,,
30161,DNg36_b,DNg36_b,8,,
30212,AN03B050,AN03B050,8,,
30228,DNg02_a,DNg02_a,10,flight,Namiki 2022
30231,ANXXX200,ANXXX200,9,,
30346,AN17A062,AN17A062,2,,
30379,AN09B031,AN09B031,1,,
30465,DNge134,DNge134,13,,
30497,AN09B028,AN09B028,2,,
30503,DNpe015,DNpe015,10,,
30574,ANXXX338,ANXXX338,14,,
30577,AN10B029,AN10B029,7,,
30581,ANXXX049,ANXXX049,14,,
30624,AN08B022,AN08B022,14,,
30660,ANXXX472,ANXXX472,14,,
30664,AN14A003,AN14A003,14,,
30688,AN05B100,AN05B100,2,,
30705,AN17A009,AN17A009,2,,
30777,AN19B004,AN19B004,17,,
30789,AN08B009,AN08B009,1,,
30827,DNg36_b,DNg36_b,8,,
30837,AN03B094,AN03B094,13,,
30862,AN17A014,AN17A014,2,,
30889,AN01B004,AN01B004,4,,
30904,AN07B021,AN07B021,14,,
30921,AN08B023,AN08B023,2,,
30929,DNge117,DNge117,10,,
30957,DNpe015,DNpe015,10,,
31054,AN10B027,AN10B027,13,,
31059,DNpe054,DNpe054,10,,
31103,AN18B002,AN18B002,2,,
31180,AN09B036,AN09B036,1,,
31227,AN07B005,AN07B005,2,,
31264,DNpe009,DNpe009,10,,
31276,AN06B075,AN06B075,7,,
31298,DNge024,DNge024,17,,
31327,DNge108,DNge108,10,,
31334,AN08B009,AN08B009,1,,
31338,DNge108,DNge108,10,,
31362,AN18B032,AN18B032,1,,
31381,DNg08,DNg08,6,,
31387,AN17A014,AN17A014,2,,
31407,AN05B095,AN05B095,2,,
31421,DNg07,DNg07,6,flight,Namiki 2022
31474,AN07B035,AN07B035,14,,
31567,AN06B088,AN06B088,14,,
31609,DNge114,DNge114,7,,
31641,DNg02_a,DNg02_a,10,flight,Namiki 2022
31667,AN17A009,AN17A009,2,,
31712,ANXXX150,ANXXX150,15,reproduction,Feng 2014
31760,ANXXX049,ANXXX049,14,,
31769,DNge115,DNge115,7,,
31790,DNg18_b,DNg18_b,10,,
31825,DNge024,DNge024,17,,
31896,AN18B002,AN18B002,2,,
31932,DNge009,DNge009,17,,
31952,AN02A016,AN02A016,14,,
31966,AN10B027,AN10B027,13,,
31987,DNpe015,DNpe015,10,,
32016,AN01A049,AN01A049,15,,
32040,ANXXX214,ANXXX214,15,,
32085,AN09B018,AN09B018,15,,
32094,AN17B011,AN17B011,1,,
32127,AN03B011,AN03B011,14,,
32166,DNpe012_a,DNpe012_a,10,,
32193,AN17A018,AN17A018,3,,
32255,AN08B034,AN08B034,14,,
32263,DNpe008,DNpe008,7,,
32288,DNpe015,DNpe015,10,,
32324,AN08B074,AN08B074,14,song,Yu 2010
32413,DNg12_f,DNg12_f,13,ventral head grooming and front leg rubbing,Guo 2022
32414,AN10B029,AN10B029,7,,
32464,AN06B015,AN06B015,14,,
32556,AN07B035,AN07B035,14,,
32592,AN10B027,AN10B027,13,,
32608,AN19B044,AN19B044,8,,
32630,AN17A031,AN17A031,14,,
32645,AN17A014,AN17A014,2,,
32651,ANXXX169,ANXXX169,15,,
32680,DNg36_b,DNg36_b,8,,
32832,DNg05_c,DNg05_c,6,,
32881,AN10B027,AN10B027,13,,
32886,AN10B024,AN10B024,14,turning,Chen 2023
32930,AN05B100,AN05B100,2,,
32949,AN17A014,AN17A014,2,,
32961,DNpe008,DNpe008,7,,
33007,DNp17,DNp17,10,steering?,
33037,DNp69,DNp69,16,,
33116,DNge089,DNge089,6,,
33220,AN03B009,AN03B009,2,,
33238,AN07B040,AN07B040,17,,
33283,AN06B044,AN06B044,10,,
33333,DNg02_g,DNg02_g,10,flight,Namiki 2022
33335,DNpe024,DNpe024,11,,
33358,DNge116,DNge116,8,,
33400,AN08B016,AN08B016,14,,
33424,DNg02_b,DNg02_b,10,flight,Namiki 2022
33487,AN08B074,AN08B074,14,song,Yu 2010
33596,AN05B106,AN05B106,4,,
33683,DNge115,DNge115,7,,
33710,AN10B024,AN10B024,14,turning,Chen 2023
33729,AN07B052,AN07B052,9,,
33788,DNpe014,DNpe014,11,,
33799,AN10B015,AN10B015,2,,
33829,DNg83,DNg83,5,,
33851,DNg05_c,DNg05_c,6,,
33876,DNge085,DNge085,8,,
33892,AN03B011,AN03B011,14,,
33905,AN07B015,AN07B015,17,,
34023,DNp17,DNp17,10,steering?,
34031,DNge114,DNge114,7,,
34162,DNge114,DNge114,7,,
34231,AN16B078_d,AN16B078_d,8,,
34292,DNge087,DNge087,8,,
34332,AN07B015,AN07B015,17,,
34462,AN06B044,AN06B044,10,,
34468,DNpe015,DNpe015,10,,
34474,DNge089,DNge089,6,,
34539,AN10B027,AN10B027,13,,
34569,DNpe008,DNpe008,7,,
34590,DNge182,DNge182,1,,
34649,DNge179,DNge179,8,,
34664,DNge154,DNge154,6,,
34667,AN08B074,AN08B074,14,song,Yu 2010
34683,AN09B037,AN09B037,15,,
34719,AN16B078_a,AN16B078_a,8,,
34758,ANXXX027,ANXXX027,3,,
34797,AN10B029,AN10B029,7,,
34830,DNg36_b,DNg36_b,8,,
34887,DNpe015,DNpe015,10,,
35136,ANXXX099,ANXXX099,15,,
35153,DNpe054,DNpe054,10,,
35232,AN01B005,AN01B005,1,,
35233,DNg53,DNg53,9,,
35345,DNge024,DNge024,17,,
35371,AN08B099_f,AN08B099_f,14,,
35394,AN19B044,AN19B044,8,,
35398,DNp17,DNp17,10,steering?,
35409,AN08B049,AN08B049,1,,
35440,AN08B016,AN08B016,14,,
35441,AN08B074,AN08B074,14,song,Yu 2010
35469,DNge009,DNge009,17,,
35505,AN07B024,AN07B024,1,,
35517,AN08B066,AN08B066,3,,
35519,DNpe015,DNpe015,10,,
35621,AN17A062,AN17A062,2,,
35630,DNp17,DNp17,10,steering?,
35714,AN01B011,AN01B011,1,,
35899,DNpe008,DNpe008,7,,
35920,ANXXX145,ANXXX145,1,,
35921,AN09B030,AN09B030,3,,
35966,AN17A015,AN17A015,2,,
35988,DNg02_a,DNg02_a,10,flight,Namiki 2022
36102,DNge136,DNge136,16,,
36172,DNg06,DNg06,6,,
36260,DNg18_b,DNg18_b,10,,
36263,DNge116,DNge116,8,,
36371,AN23B002,AN23B002,3,,
36379,DNg12_b,DNg12_b,8,ventral head grooming and front leg rubbing,Guo 2022
36475,ANXXX145,ANXXX145,1,,
36477,AN01B005,AN01B005,1,,
36541,DNge078,DNge078,17,antennal grooming,"Braun 2024?, Hampel 2015"
36593,AN08B023,AN08B023,2,,
36623,DNge085,DNge085,8,,
36631,DNg05_b,DNg05_b,8,,
36667,AN09B020,AN09B020,3,,
36671,AN08B057,AN08B057,13,,
36691,ANXXX130,ANXXX130,14,,
36721,DNpe054,DNpe054,10,,
36849,AN08B074,AN08B074,14,song,Yu 2010
36930,AN19B001,AN19B001,16,,
37025,DNg03,DNg03,6,,
37066,AN08B049,AN08B049,1,,
37071,DNge179,DNge179,8,,
37098,DNpe057,DNpe057,8,,
37135,DNg02_b,DNg02_b,10,flight,Namiki 2022
37163,DNpe008,DNpe008,7,,
37199,AN18B025,AN18B025,9,,
37212,DNpe008,DNpe008,7,,
37217,AN07B005,AN07B005,2,,
37229,AN07B043,AN07B043,13,,
37310,DNpe041,DNpe041,12,,
37363,AN07B035,AN07B035,14,,
37406,DNge024,DNge024,17,,
37417,ANXXX145,ANXXX145,1,,
37422,vMS16,vMS16,1,,
37530,AN18B053,AN18B053,14,,
37683,DNge109,DNge109,7,,
37686,DNg12_b,DNg12_b,8,ventral head grooming and front leg rubbing,Guo 2022
37743,AN05B069,AN05B069,6,,
37779,AN05B050_c,AN05B050_c,1,,
37876,AN17A003,AN17A003,3,,
37942,AN08B049,AN08B049,1,,
37979,AN09B018,AN09B018,15,,
38005,AN09B030,AN09B030,3,,
38007,AN05B107,AN05B107,3,,
38035,AN07B052,AN07B052,9,,
38064,DNg07,DNg07,6,flight,Namiki 2022
38071,ANXXX200,ANXXX200,9,,
38191,DNge085,DNge085,8,,
38322,AN05B021,AN05B021,2,,
38327,AN10B029,AN10B029,7,,
38368,AN16B078_c,AN16B078_c,8,,
38415,AN08B099_f,AN08B099_f,14,,
38416,DNpe008,DNpe008,7,,
38465,DNge089,DNge089,6,,
38483,AN07B072_e,AN07B072_e,8,,
38616,AN05B106,AN05B106,4,,
38685,AN08B034,AN08B034,14,,
38731,DNge179,DNge179,8,,
38757,DNpe008,DNpe008,7,,
38781,DNpe029,DNpe029,4,,
38796,DNg92_b,DNg92_b,10,,
38833,AN19B044,AN19B044,8,,
38848,DNge089,DNge089,6,,
38850,AN17A047,AN17A047,3,,
38926,ANXXX130,ANXXX130,14,,
39014,DNge126,DNge126,10,,
39026,AN05B046,AN05B046,3,,
39071,DNge094,DNge094,8,,
39071,DNge094,DNge094,8,,
39082,ANXXX169,ANXXX169,15,,
39115,AN08B084,AN08B084,14,,
39130,DNge071,DNge071,8,,
39143,AN09B006,AN09B006,2,,
39248,DNg03,DNg03,6,,
39283,DNge114,DNge114,7,,
39376,AN06A016,AN06A016,9,,
39537,ANXXX254,ANXXX254,15,,
39558,DNpe057,DNpe057,8,,
39565,DNpe029,DNpe029,4,,
39580,AN08B053,AN08B053,3,,
39640,DNge126,DNge126,10,,
39695,AN09B006,AN09B006,2,,
39735,DNg03,DNg03,6,,
39736,AN05B052,AN05B052,14,,
39774,DNpe008,DNpe008,7,,
39794,ANXXX084,ANXXX084,15,,
39852,DNge020,DNge020,17,,
39864,ANXXX296,ANXXX296,4,,
39880,IN27X001,IN27X001,16,,
39887,DNge085,DNge085,8,,
39941,AN10B029,AN10B029,7,,
40001,DNge119,DNge119,1,,
40114,AN05B100,AN05B100,2,,
40157,DNg03,DNg03,6,,
40218,AN06B039,AN06B039,14,,
40248,DNpe008,DNpe008,7,,
40302,AN07B024,AN07B024,1,,
40361,DNge024,DNge024,17,,
40447,DNg79,DNg79,11,,
40549,DNg03,DNg03,6,,
40588,AN10B029,AN10B029,7,,
40623,DNg18_b,DNg18_b,10,,
40683,DNge102,DNge102,1,,
40700,DNge094,DNge094,8,,
40700,DNge094,DNge094,8,,
40701,DNg12_b,DNg12_b,8,ventral head grooming and front leg rubbing,Guo 2022
40732,AN08B015,AN08B015,1,,
40773,AN01A014,AN01A014,17,,
40782,DNpe008,DNpe008,7,,
40792,DNge094,DNge094,8,,
40792,DNge094,DNge094,8,,
40877,ANXXX005,ANXXX005,2,,
40893,ANXXX254,ANXXX254,15,,
40917,AN16B078_c,AN16B078_c,8,,
40934,DNpe008,DNpe008,7,,
40959,DNge089,DNge089,6,,
41007,AN23B026,AN23B026,14,,
41039,AN08B099_i,AN08B099_i,14,,
41101,AN07B005,AN07B005,2,,
41107,AN07B035,AN07B035,14,,
41114,AN08B015,AN08B015,1,,
41184,AN09B013,AN09B013,3,,
41268,,na_4,2,,
41319,DNge085,DNge085,8,,
41337,AN05B062,AN05B062,14,,
41346,DNge094,DNge094,8,,
41346,DNge094,DNge094,8,,
41414,AN08B066,AN08B066,3,,
41594,AN05B096,AN05B096,3,,
41598,ANXXX084,ANXXX084,15,,
41681,AN08B074,AN08B074,14,song,Yu 2010
41705,DNpe008,DNpe008,7,,
41746,AN08B049,AN08B049,1,,
41824,AN23B026,AN23B026,14,,
41951,DNpe008,DNpe008,7,,
41969,DNge085,DNge085,8,,
42002,DNge176,DNge176,10,,
42051,DNpe054,DNpe054,10,,
42088,AN07B052,AN07B052,9,,
42102,DNge108,DNge108,10,,
42125,DNpe008,DNpe008,7,,
42148,AN17A031,AN17A031,14,,
42178,DNg110,DNg110,6,,
42199,AN03B039,AN03B039,7,,
42206,DNge179,DNge179,8,,
42226,DNpe008,DNpe008,7,,
42345,ANXXX099,ANXXX099,15,,
42428,AN05B107,AN05B107,3,,
42465,DNg06,DNg06,6,,
42467,AN17A003,AN17A003,3,,
42529,AN05B062,AN05B062,14,,
42580,ANXXX092,ANXXX092,3,,
42681,AN06B039,AN06B039,14,,
42685,AN12B055,AN12B055,6,,
42692,ANXXX202,ANXXX202,16,,
42696,AN07B043,AN07B043,13,,
42780,DNpe054,DNpe054,10,,
42792,DNge094,DNge094,8,,
42792,DNge094,DNge094,8,,
43003,AN12B055,AN12B055,6,,
43153,AN09B029,AN09B029,3,,
43210,AN05B052,AN05B052,14,,
43340,AN09B021,AN09B021,2,,
43365,AN07B052,AN07B052,9,,
43436,AN19B004,AN19B004,17,,
43473,AN05B078,AN05B078,13,,
43627,AN07B049,AN07B049,9,,
43649,AN26X004,AN26X004,13,,
43682,AN19A019,AN19A019,17,,
43697,AN09B033,AN09B033,4,,
43716,AN09B020,AN09B020,3,,
43730,DNg10,DNg10,8,,
43782,AN01B014,AN01B014,4,,
43839,AN17A024,AN17A024,2,,
43940,AN16B078_c,AN16B078_c,8,,
44315,ANXXX410,ANXXX410,14,,
44319,AN19B015,AN19B015,14,,
44393,ANXXX007,ANXXX007,7,,
44409,AN01B011,AN01B011,1,,
44445,AN05B062,AN05B062,14,,
44495,ANXXX074,ANXXX074,15,,
44502,DNge071,DNge071,8,,
44529,AN07B078_b,AN07B078_b,7,,
44650,DNg10,DNg10,8,,
44659,DNg10,DNg10,8,,
44665,ANXXX410,ANXXX410,14,,
44667,AN05B052,AN05B052,14,,
44826,DNg10,DNg10,8,,
44836,DNg12_b,DNg12_b,8,ventral head grooming and front leg rubbing,Guo 2022
44847,AN14A003,AN14A003,14,,
44887,AN19B032,AN19B032,3,,
44917,ANXXX037,ANXXX037,1,,
44952,DNge071,DNge071,8,,
44960,AN08B053,AN08B053,3,,
44980,DNg03,DNg03,6,,
44992,AN19A018,AN19A018,15,halting,Sapkal 2024
45062,AN18B025,AN18B025,9,,
45139,AN19B039,AN19B039,8,,
45311,ANXXX084,ANXXX084,15,,
45366,AN07B049,AN07B049,9,,
45501,AN19B009,AN19B009,17,,
45757,DNg92_b,DNg92_b,10,,
45843,AN17A024,AN17A024,2,,
45906,DNg18_b,DNg18_b,10,,
45915,DNg10,DNg10,8,,
46011,DNge020,DNge020,17,,
46086,,na_5,14,,
46164,AN07B052,AN07B052,9,,
46228,DNg10,DNg10,8,,
46240,AN04A001,AN04A001,2,,
46322,AN16B078_d,AN16B078_d,8,,
46348,AN17A014,AN17A014,2,,
46359,AN05B063,AN05B063,1,,
46376,AN17B002,AN17B002,5,,
46380,DNge024,DNge024,17,,
46466,AN05B023a,AN05B023a,4,,
46515,AN09B042,AN09B042,15,,
46578,DNg10,DNg10,8,,
46808,AN12B076,AN12B076,6,,
46875,AN12A017,AN12A017,17,,
46961,AN19A018,AN19A018,15,halting,Sapkal 2024
47102,DNg12_b,DNg12_b,8,ventral head grooming and front leg rubbing,Guo 2022
47277,AN11B008,AN11B008,9,,
47285,DNg12_b,DNg12_b,8,ventral head grooming and front leg rubbing,Guo 2022
47311,AN12B076,AN12B076,6,,
47383,DNg18_a,DNg18_a,8,,
47402,DNg10,DNg10,8,,
47409,AN19B022,AN19B022,1,,
47449,AN05B068,AN05B068,15,,
47468,AN05B063,AN05B063,1,,
47521,AN16B116,AN16B116,8,,
47572,AN08B023,AN08B023,2,,
47608,ANXXX007,ANXXX007,7,,
47659,AN05B096,AN05B096,3,,
47693,DNpe036,DNpe036,16,,
48408,DNg12_b,DNg12_b,8,ventral head grooming and front leg rubbing,Guo 2022
48535,DNge071,DNge071,8,,
48555,AN17A068,AN17A068,3,,
48565,DNge071,DNge071,8,,
48575,AN09B042,AN09B042,15,,
48618,DNp17,DNp17,10,steering?,
48633,AN18B053,AN18B053,14,,
48777,AN16B078_d,AN16B078_d,8,,
48824,AN19B010,AN19B010,14,,
48877,AN16B078_d,AN16B078_d,8,,
48924,DNg10,DNg10,8,,
48949,DNg10,DNg10,8,,
49106,,na_6,13,,
49136,AN07B078_a,AN07B078_a,7,,
49164,AN08B023,AN08B023,2,,
49210,DNpe011,DNpe011,12,,
49243,ANXXX214,ANXXX214,15,,
49246,AN19A019,AN19A019,17,,
49310,DNge009,DNge009,17,,
49624,DNg03,DNg03,6,,
49690,DNge085,DNge085,8,,
49724,AN05B050_c,AN05B050_c,1,,
49928,DNge071,DNge071,8,,
50028,AN08B023,AN08B023,2,,
50107,AN07B052,AN07B052,9,,
50191,ANXXX007,ANXXX007,7,,
50240,AN12B055,AN12B055,6,,
50285,AN17A047,AN17A047,3,,
50494,ANXXX007,ANXXX007,7,,
50570,AN07B101_b,AN07B101_b,8,,
50595,AN08B096,AN08B096,7,,
50664,DNge071,DNge071,8,,
50881,AN12B017,AN12B017,14,,
50921,AN07B041,AN07B041,8,,
50992,AN10B025,AN10B025,17,,
51024,DNg03,DNg03,6,,
51057,AN23B002,AN23B002,3,,
51068,AN17A024,AN17A024,2,,
51188,DNg18_a,DNg18_a,8,,
51200,AN07B041,AN07B041,8,,
51273,AN07B101_b,AN07B101_b,8,,
51290,AN05B078,AN05B078,13,,
51393,AN07B049,AN07B049,9,,
51494,AN08B081,AN08B081,14,,
51570,AN07B041,AN07B041,8,,
51597,ANXXX264,ANXXX264,3,,
52104,AN09B023,AN09B023,3,,
52112,ANXXX074,ANXXX074,15,,
52122,AN16B078_c,AN16B078_c,8,,
52221,AN02A022,AN02A022,8,,
52419,AN19B039,AN19B039,8,,
52437,AN08B099_a,AN08B099_a,14,,
52450,AN01B014,AN01B014,4,,
52543,AN08B081,AN08B081,14,,
52665,AN12B008,AN12B008,1,,
52770,DNge020,DNge020,17,,
53056,AN08B059,AN08B059,13,wing vibration,Lillvis 2024
53059,AN07B041,AN07B041,8,,
53514,DNpe008,DNpe008,7,,
53581,AN09B021,AN09B021,2,,
53588,AN01A006,AN01A006,1,,
53696,AN07B078_b,AN07B078_b,7,,
53762,AN07B049,AN07B049,9,,
53821,DNge020,DNge020,17,,
54001,AN09B032,AN09B032,2,,
54021,DNpe054,DNpe054,10,,
54115,AN07B025,AN07B025,14,,
54230,AN05B058,AN05B058,3,,
54278,DNg03,DNg03,6,,
54324,AN07B072_e,AN07B072_e,8,,
54542,AN07B101_c,AN07B101_c,7,,
54604,AN02A022,AN02A022,8,,
54774,ANXXX169,ANXXX169,15,,
54923,ANXXX380,ANXXX380,13,,
55021,DNg12_e,DNg12_e,17,ventral head grooming and front leg rubbing,Guo 2022
55185,AN17A024,AN17A024,2,,
55370,DNge045,DNge045,13,,
55375,AN07B049,AN07B049,9,,
55428,AN12B017,AN12B017,14,,
55451,AN08B059,AN08B059,13,wing vibration,Lillvis 2024
55453,AN05B081,AN05B081,1,,
55546,DNg01_c,DNg01_c,1,,
55576,AN12B008,AN12B008,1,,
55579,,na_7,15,,
55763,DNpe011,DNpe011,12,,
55795,AN10B025,AN10B025,17,,
56057,DNpe011,DNpe011,12,,
56138,AN19B009,AN19B009,17,,
56214,DNg03,DNg03,6,,
56218,AN17A024,AN17A024,2,,
56233,AN07B025,AN07B025,14,,
56385,AN05B050_c,AN05B050_c,1,,
56511,AN07B101_b,AN07B101_b,8,,
56587,DNg36_b,DNg36_b,8,,
56630,AN05B049_c,AN05B049_c,6,,
56660,AN07B049,AN07B049,9,,
56679,ANXXX075,ANXXX075,2,,
56710,AN01A021,AN01A021,15,,
56906,AN09B023,AN09B023,3,,
56930,AN07B072_e,AN07B072_e,8,,
57190,AN18B020,AN18B020,10,,
57245,AN08B098,AN08B098,13,,
57335,INXXX063,INXXX063,1,,
57382,AN01B004,AN01B004,4,,
57644,AN07B049,AN07B049,9,,
57732,AN06A017,AN06A017,8,,
57774,AN06A017,AN06A017,8,,
57776,DNge020,DNge020,17,,
58156,AN01A049,AN01A049,15,,
58229,AN01A006,AN01A006,1,,
58298,AN16B078_a,AN16B078_a,8,,
58394,AN09A005,AN09A005,14,,
58581,DNpe015,DNpe015,10,,
58594,AN17A073,AN17A073,13,,
58609,AN19B009,AN19B009,17,,
58667,AN07B101_c,AN07B101_c,7,,
58725,AN09B009,AN09B009,3,,
58772,AN08B099_j,AN08B099_j,13,,
59262,AN01B011,AN01B011,1,,
59387,AN05B023a,AN05B023a,4,,
59703,AN26X004,AN26X004,13,,
60041,ANXXX007,ANXXX007,7,,
60372,AN05B049_c,AN05B049_c,6,,
60511,AN08B099_g,AN08B099_g,13,,
61011,AN18B053,AN18B053,14,,
61625,AN07B078_a,AN07B078_a,7,,
62005,AN12B089,AN12B089,13,,
62405,DNg39,DNg39,12,,
62677,AN05B063,AN05B063,1,,
62760,AN03B095,AN03B095,9,,
62810,AN08B023,AN08B023,2,,
62884,AN02A046,AN02A046,13,,
63109,AN18B020,AN18B020,10,,
63154,AN16B078_c,AN16B078_c,8,,
63287,DNg12_b,DNg12_b,8,ventral head grooming and front leg rubbing,Guo 2022
63539,ANXXX023,ANXXX023,9,,
63701,DNd02,DNd02,0,"walking related, slow locomotion, octopamine","Babski 2024, Cande, J. 2018"
63718,DNg10,DNg10,8,,
63939,AN06A030,AN06A030,14,,
63963,AN07B049,AN07B049,9,,
64108,AN08B099_h,AN08B099_h,14,,
64257,AN08B089,AN08B089,14,,
64315,ANXXX084,ANXXX084,15,,
64444,AN09B030,AN09B030,3,,
64528,AN07B072_e,AN07B072_e,8,,
64873,AN09B035,AN09B035,3,,
64916,AN01B004,AN01B004,4,,
65170,AN03B095,AN03B095,9,,
65465,AN18B053,AN18B053,14,,
65577,AN08B059,AN08B059,13,wing vibration,Lillvis 2024
66084,AN02A046,AN02A046,13,,
66264,AN18B053,AN18B053,14,,
66284,DNg47,DNg47,17,,
66446,AN06B068,AN06B068,7,,
66518,AN09B009,AN09B009,3,,
66800,AN04A001,AN04A001,2,,
67038,AN08B089,AN08B089,14,,
67107,DNg18_b,DNg18_b,10,,
67239,ANXXX024,ANXXX024,3,,
67529,AN07B011,AN07B011,2,,
67824,AN16B078_d,AN16B078_d,8,,
67951,AN06B068,AN06B068,7,,
67972,ANXXX200,ANXXX200,9,,
67982,DNge013,DNge013,16,,
68005,DNg82,DNg82,10,,
68642,AN16B112,AN16B112,8,,
68651,AN05B078,AN05B078,13,,
69173,DNpe018,DNpe018,11,,
69211,AN09B030,AN09B030,3,,
69409,DNg06,DNg06,6,,
69759,AN11B008,AN11B008,9,,
70004,AN07B072_e,AN07B072_e,8,,
70198,AN07B069_b,AN07B069_b,8,,
70636,ANXXX024,ANXXX024,3,,
70651,AN09A005,AN09A005,14,,
71162,AN08B095,AN08B095,13,,
71245,AN05B071,AN05B071,1,,
71282,AN07B042,AN07B042,9,,
71633,DNpe015,DNpe015,10,,
71722,AN07B101_a,AN07B101_a,13,,
71940,AN14A003,AN14A003,14,,
71953,DNg06,DNg06,6,,
72013,AN09B035,AN09B035,3,,
72021,AN12B080,AN12B080,13,,
72215,AN05B015,AN05B015,15,,
72401,IN06B017,IN06B017,8,,
72661,AN19B046,AN19B046,8,,
72959,AN08B099_b,AN08B099_b,14,,
73179,AN00A009,AN00A009,17,,
73541,DNg18_b,DNg18_b,10,,
73606,ANXXX338,ANXXX338,14,,
73615,AN07B069_b,AN07B069_b,8,,
73753,AN07B003,AN07B003,0,,
73864,AN05B056,AN05B056,3,,
74105,AN17B005,AN17B005,14,,
74133,AN19B059,AN19B059,8,,
74183,AN08B099_g,AN08B099_g,13,,
74389,AN06B031,AN06B031,14,,
74561,AN19B010,AN19B010,14,,
74742,AN19A018,AN19A018,15,halting,Sapkal 2024
75140,AN17A015,AN17A015,2,,
75194,AN07B069_b,AN07B069_b,8,,
75729,AN07B011,AN07B011,2,,
75754,AN19B009,AN19B009,17,,
75833,AN08B109,AN08B109,13,,
75920,AN08B111,AN08B111,7,,
75938,AN08B109,AN08B109,13,,
76294,AN08B098,AN08B098,13,,
76363,AN08B101,AN08B101,14,,
76367,AN08B101,AN08B101,14,,
76512,AN08B106,AN08B106,7,,
76611,AN08B111,AN08B111,7,,
76985,AN19B022,AN19B022,1,,
77107,AN12B055,AN12B055,6,,
77245,AN06B051,AN06B051,6,,
77349,AN09B035,AN09B035,3,,
77693,AN08B099_g,AN08B099_g,13,,
78114,AN04A001,AN04A001,2,,
78157,AN05B050_b,AN05B050_b,2,,
78164,ANXXX380,ANXXX380,13,,
78341,AN19B046,AN19B046,8,,
78620,AN17A013,AN17A013,2,,
78630,AN07B046_c,AN07B046_c,14,,
78641,DNpe057,DNpe057,8,,
79044,AN17B012,AN17B012,3,,
79158,AN08B098,AN08B098,13,,
79187,AN08B112,AN08B112,7,,
79289,AN05B071,AN05B071,1,,
79403,AN07B069_b,AN07B069_b,8,,
79556,AN17A015,AN17A015,2,,
79634,ANXXX037,ANXXX037,1,,
79892,DNg18_a,DNg18_a,8,,
79897,ANXXX202,ANXXX202,16,,
79943,DNg05_b,DNg05_b,8,,
80046,AN08B099_h,AN08B099_h,14,,
80212,AN08B005,AN08B005,3,,
80346,AN08B094,AN08B094,14,,
80419,AN08B101,AN08B101,14,,
80724,AN08B101,AN08B101,14,,
80727,AN01A021,AN01A021,15,,
81109,AN17A013,AN17A013,2,,
81230,AN06B031,AN06B031,14,,
81566,AN19B060,AN19B060,8,,
81588,AN10B045,AN10B045,13,,
81707,AN19B060,AN19B060,8,,
82131,AN10B045,AN10B045,13,,
82411,DNg06,DNg06,6,,
82508,ANXXX169,ANXXX169,15,,
82791,AN17A013,AN17A013,2,,
82880,AN04A001,AN04A001,2,,
82900,AN08B097,AN08B097,14,,
82912,IN17A051,IN17A051,15,,
83621,AN06A030,AN06A030,14,,
83661,DNge046,DNge046,13,,
83880,ANXXX202,ANXXX202,16,,
84268,AN19B051,AN19B051,1,,
84378,AN08B103,AN08B103,13,,
84503,AN16B112,AN16B112,8,,
84623,AN07B071_a,AN07B071_a,9,,
84817,AN05B067,AN05B067,1,,
85165,AN17A015,AN17A015,2,,
85220,AN05B062,AN05B062,14,,
85298,AN06B045,AN06B045,7,,
85508,AN10B045,AN10B045,13,,
85530,AN09B040,AN09B040,1,,
85538,AN05B049_b,AN05B049_b,1,,
85686,AN06B051,AN06B051,6,,
85758,AN10B045,AN10B045,13,,
85781,AN06B068,AN06B068,7,,
86299,AN06B068,AN06B068,7,,
86590,,na_8,14,,
86646,AN05B015,AN05B015,15,,
86887,AN05B054_a,AN05B054_a,2,,
87028,AN06B068,AN06B068,7,,
87309,ANXXX171,ANXXX171,9,,
87419,AN07B072_f,AN07B072_f,8,,
87499,AN09B023,AN09B023,3,,
87645,AN09B032,AN09B032,2,,
88070,AN04B004,AN04B004,1,,
88392,AN07B042,AN07B042,9,,
88408,AN08B098,AN08B098,13,,
88461,AN07B069_b,AN07B069_b,8,,
89217,AN01B011,AN01B011,1,,
89420,AN08B100,AN08B100,13,,
90051,AN07B003,AN07B003,0,,
90118,AN08B100,AN08B100,13,,
90235,DNp17,DNp17,10,steering?,
90390,IN06B027,IN06B027,3,,
90534,AN08B099_c,AN08B099_c,14,,
90669,AN10B045,AN10B045,13,,
90683,AN17A015,AN17A015,2,,
90710,AN19B059,AN19B059,8,,
90711,AN07B072_b,AN07B072_b,8,,
90756,AN19B093,AN19B093,7,,
90850,AN10B045,AN10B045,13,,
90949,AN08B106,AN08B106,7,,
91194,AN16B112,AN16B112,8,,
91201,DNge071,DNge071,8,,
91413,AN07B082_d,AN07B082_d,9,,
91538,AN19B059,AN19B059,8,,
91740,AN09B035,AN09B035,3,,
92001,AN08B100,AN08B100,13,,
92052,AN07B072_a,AN07B072_a,8,,
92534,AN08B100,AN08B100,13,,
92774,AN05B081,AN05B081,1,,
92806,AN07B046_c,AN07B046_c,14,,
92936,DNge083,DNge083,0,,
93001,ANXXX202,ANXXX202,16,,
93105,AN09B040,AN09B040,1,,
93227,AN04A001,AN04A001,2,,
93756,AN08B100,AN08B100,13,,
93812,AN08B112,AN08B112,7,,
93833,AN08B096,AN08B096,7,,
93982,AN07B042,AN07B042,9,,
94243,AN08B100,AN08B100,13,,
94425,AN19B059,AN19B059,8,,
94612,AN19B060,AN19B060,8,,
94732,AN08B101,AN08B101,14,,
94838,DNg03,DNg03,6,,
94941,AN07B072_f,AN07B072_f,8,,
95022,AN07B057,AN07B057,13,,
95106,AN05B049_b,AN05B049_b,1,,
95401,AN19B076,AN19B076,8,,
95403,AN05B045,AN05B045,15,,
95652,AN08B100,AN08B100,13,,
95862,AN08B031,AN08B031,17,wing vibration,Lillvis 2024
95918,AN19B059,AN19B059,8,,
96106,DNbe002,DNbe002,0,,
96166,DNge176,DNge176,10,,
96482,AN07B072_a,AN07B072_a,8,,
97309,AN08B098,AN08B098,13,,
97432,AN08B094,AN08B094,14,,
97614,DNp17,DNp17,10,steering?,
97980,DNpe029,DNpe029,4,,
97985,AN10B033,AN10B033,7,,
98013,AN19B060,AN19B060,8,,
98227,DNpe009,DNpe009,10,,
98400,AN19B076,AN19B076,8,,
98764,AN04A001,AN04A001,2,,
98875,AN05B059,AN05B059,14,,
99309,AN09B040,AN09B040,1,,
99327,AN06B039,AN06B039,14,,
99545,AN08B097,AN08B097,14,,
99551,AN10B033,AN10B033,7,,
99955,DNpe011,DNpe011,12,,
100012,AN07B032,AN07B032,10,,
100059,AN17A015,AN17A015,2,,
100113,AN05B063,AN05B063,1,,
100234,AN05B050_a,AN05B050_a,1,,
101146,AN19B093,AN19B093,7,,
101169,AN08B099_c,AN08B099_c,14,,
101522,AN07B072_c,AN07B072_c,8,,
101681,AN08B098,AN08B098,13,,
101889,DNge025,DNge025,17,,
102964,AN06A060,AN06A060,9,,
102965,AN06B068,AN06B068,7,,
103156,AN06B048,AN06B048,9,,
103189,AN10B045,AN10B045,13,,
103235,AN10B053,AN10B053,7,,
103807,AN05B056,AN05B056,3,,
104547,AN08B103,AN08B103,13,,
104738,AN05B069,AN05B069,6,,
104910,AN07B062,AN07B062,14,,
105057,AN07B082_b,AN07B082_b,9,,
105291,AN06A026,AN06A026,9,,
105726,AN06A026,AN06A026,9,,
105789,AN06B046,AN06B046,7,,
105806,AN07B070,AN07B070,13,,
105831,AN06A018,AN06A018,8,,
105893,AN10B033,AN10B033,7,,
105967,AN09B035,AN09B035,3,,
106045,AN07B050,AN07B050,8,,
106104,AN05B045,AN05B045,15,,
106199,AN07B082_d,AN07B082_d,9,,
106214,AN08B079_b,AN08B079_b,7,,
106293,AN08B094,AN08B094,14,,
106310,AN07B082_b,AN07B082_b,9,,
106355,AN18B053,AN18B053,14,,
106544,AN07B072_a,AN07B072_a,8,,
106648,AN06A026,AN06A026,9,,
107413,AN10B033,AN10B033,7,,
108171,AN19B059,AN19B059,8,,
108202,AN07B062,AN07B062,14,,
108261,AN08B106,AN08B106,7,,
108296,AN19B076,AN19B076,8,,
108395,AN08B079_b,AN08B079_b,7,,
109150,AN12B089,AN12B089,13,,
109328,AN06B048,AN06B048,9,,
109486,AN19B059,AN19B059,8,,
109626,ANXXX169,ANXXX169,15,,
109707,AN07B050,AN07B050,8,,
109776,AN07B071_c,AN07B071_c,9,,
110140,AN10B053,AN10B053,7,,
110429,AN10B045,AN10B045,13,,
110697,AN08B099_e,AN08B099_e,13,,
111207,AN10B033,AN10B033,7,,
111348,AN07B082_c,AN07B082_c,9,,
111432,AN09B040,AN09B040,1,,
111439,AN10B053,AN10B053,7,,
111877,AN09B040,AN09B040,1,,
112210,AN08B099_d,AN08B099_d,14,,
112284,AN07B069_b,AN07B069_b,8,,
112589,AN08B099_d,AN08B099_d,14,,
112677,AN10B033,AN10B033,7,,
112841,AN05B104,AN05B104,14,,
113166,DNpe018,DNpe018,11,,
113323,AN05B104,AN05B104,14,,
113651,AN06B039,AN06B039,14,,
114184,AN05B050_a,AN05B050_a,1,,
114550,IN10B007,IN10B007,1,,
114612,AN16B078_b,AN16B078_b,8,,
114757,AN04B004,AN04B004,1,,
114795,AN08B031,AN08B031,17,wing vibration,Lillvis 2024
114880,AN10B053,AN10B053,7,,
116576,AN08B079_b,AN08B079_b,7,,
116672,AN19B093,AN19B093,7,,
116739,AN06A041,AN06A041,8,,
117092,AN10B053,AN10B053,7,,
117433,AN08B106,AN08B106,7,,
117465,AN10B045,AN10B045,13,,
117692,AN08B059,AN08B059,13,wing vibration,Lillvis 2024
117712,AN07B071_d,AN07B071_d,9,,
117817,AN08B047,AN08B047,7,,
118151,AN08B079_a,AN08B079_a,7,,
118257,AN07B056,AN07B056,8,,
118303,AN05B060,AN05B060,1,,
118766,AN08B079_b,AN08B079_b,7,,
118772,AN07B056,AN07B056,8,,
118792,AN08B079_a,AN08B079_a,7,,
119284,AN07B042,AN07B042,9,,
119815,AN07B072_c,AN07B072_c,8,,
119884,ANXXX171,ANXXX171,9,,
119914,AN07B085,AN07B085,8,,
119995,AN12B060,AN12B060,17,,
120187,AN10B053,AN10B053,7,,
120262,AN07B056,AN07B056,8,,
120476,AN14B012,AN14B012,13,,
120568,AN06A062,AN06A062,9,,
120960,AN16B112,AN16B112,8,,
120984,AN07B072_d,AN07B072_d,8,,
121294,AN19B093,AN19B093,7,,
121691,AN17A024,AN17A024,2,,
121748,AN07B072_d,AN07B072_d,8,,
121911,AN06A062,AN06A062,9,,
122012,AN07B045,AN07B045,1,,
122112,AN01A014,AN01A014,17,,
122261,AN07B062,AN07B062,14,,
122597,AN10B045,AN10B045,13,,
122754,AN10B048,AN10B048,7,,
123315,AN07B070,AN07B070,13,,
123827,AN19B063,AN19B063,7,,
124174,AN08B079_b,AN08B079_b,7,,
124222,AN06A026,AN06A026,9,,
124578,ANXXX086,ANXXX086,3,,
124689,AN05B054_a,AN05B054_a,2,,
125223,AN10B048,AN10B048,7,,
125469,AN07B085,AN07B085,8,,
125557,AN07B032,AN07B032,10,,
125885,AN07B071_c,AN07B071_c,9,,
125886,AN06A018,AN06A018,8,,
125949,AN12B080,AN12B080,13,,
126209,AN06B046,AN06B046,7,,
126597,AN10B045,AN10B045,13,,
126615,AN07B062,AN07B062,14,,
126727,AN08B047,AN08B047,7,,
126986,AN19B065,AN19B065,8,,
127217,AN10B053,AN10B053,7,,
127742,DNge179,DNge179,8,,
127914,AN08B099_e,AN08B099_e,13,,
128197,AN08B079_a,AN08B079_a,7,,
128832,AN10B053,AN10B053,7,,
129431,AN07B056,AN07B056,8,,
129436,AN07B062,AN07B062,14,,
130140,AN05B104,AN05B104,14,,
130333,AN12B089,AN12B089,13,,
130639,AN05B068,AN05B068,15,,
131108,AN07B082_c,AN07B082_c,9,,
131125,AN07B062,AN07B062,14,,
131199,AN10B045,AN10B045,13,,
131295,AN07B071_d,AN07B071_d,9,,
131384,AN07B072_d,AN07B072_d,8,,
131604,AN07B071_d,AN07B071_d,9,,
131792,AN07B082_a,AN07B082_a,9,,
132257,AN07B056,AN07B056,8,,
132581,AN05B104,AN05B104,14,,
132618,AN06B045,AN06B045,7,,
132923,AN08B110,AN08B110,13,,
133485,AN08B079_a,AN08B079_a,7,,
134030,AN08B043,AN08B043,13,wing vibration,Lillvis 2024
134221,AN06A062,AN06A062,9,,
134828,AN10B048,AN10B048,7,,
135049,AN07B070,AN07B070,13,,
135600,AN19B061,AN19B061,8,,
135694,AN07B045,AN07B045,1,,
135809,AN06A080,AN06A080,8,,
136369,AN05B068,AN05B068,15,,
136663,AN10B048,AN10B048,7,,
137572,AN10B047,AN10B047,13,,
137815,AN08B102,AN08B102,7,,
137839,AN05B054_b,AN05B054_b,1,,
137843,AN07B071_c,AN07B071_c,9,,
138315,AN07B085,AN07B085,8,,
138523,AN08B079_a,AN08B079_a,7,,
139028,AN09B040,AN09B040,1,,
139436,AN06A010,AN06A010,9,,
139623,AN08B110,AN08B110,13,,
139941,AN11B012,AN11B012,9,,
140146,AN05B053,AN05B053,3,,
140179,AN12B089,AN12B089,13,,
140194,AN12B060,AN12B060,17,,
140213,AN12B060,AN12B060,17,,
140650,AN10B047,AN10B047,13,,
140895,AN10B047,AN10B047,13,,
141369,AN19B061,AN19B061,8,,
141639,AN07B060,AN07B060,7,,
141892,AN10B034,AN10B034,13,,
142316,AN05B054_b,AN05B054_b,1,,
142953,AN10B034,AN10B034,13,,
143244,AN08B097,AN08B097,14,,
143861,AN05B083,AN05B083,1,,
144505,DNg65,DNg65,4,,
144519,AN07B062,AN07B062,14,,
145101,AN07B089,AN07B089,7,,
145544,AN07B046_b,AN07B046_b,7,,
145823,AN07B046_a,AN07B046_a,7,,
146059,AN08B079_a,AN08B079_a,7,,
146502,AN07B046_a,AN07B046_a,7,,
146936,AN10B047,AN10B047,13,,
147617,AN19B065,AN19B065,8,,
147822,AN10B053,AN10B053,7,,
148063,AN12B060,AN12B060,17,,
148129,AN07B046_a,AN07B046_a,7,,
148303,AN07B071_c,AN07B071_c,9,,
148730,AN08B099_a,AN08B099_a,14,,
148994,AN08B047,AN08B047,7,,
149075,AN19B051,AN19B051,1,,
149207,AN10B045,AN10B045,13,,
149433,AN07B089,AN07B089,7,,
149458,AN19B099,AN19B099,7,,
149486,AN07B045,AN07B045,1,,
149631,AN08B061,AN08B061,7,,
149920,DNg106,DNg106,5,,
150232,AN07B069_a,AN07B069_a,8,,
150355,AN11B012,AN11B012,9,,
150442,AN08B100,AN08B100,13,,
150463,AN19B065,AN19B065,8,,
150489,AN09B016,AN09B016,14,,
151406,DNge117,DNge117,10,,
151469,AN10B047,AN10B047,13,,
151517,AN10B047,AN10B047,13,,
151896,ANXXX202,ANXXX202,16,,
152076,AN08B096,AN08B096,7,,
152243,DNpe057,DNpe057,8,,
152496,AN09B037,AN09B037,15,,
152565,AN19B079,AN19B079,7,,
152604,AN07B082_a,AN07B082_a,9,,
152698,AN10B035,AN10B035,14,,
152914,AN06A112,AN06A112,7,,
153028,DNge074,DNge074,1,,
153120,AN06A080,AN06A080,8,,
153256,AN06A095,AN06A095,7,,
153337,AN06A080,AN06A080,8,,
153427,AN07B060,AN07B060,7,,
154234,AN10B047,AN10B047,13,,
154274,AN08B061,AN08B061,7,,
154435,AN10B035,AN10B035,14,,
154567,AN07B076,AN07B076,8,,
154666,AN10B062,AN10B062,14,,
154726,AN18B003,AN18B003,1,,
154829,AN07B069_a,AN07B069_a,8,,
154893,AN18B003,AN18B003,1,,
155172,AN07B045,AN07B045,1,,
155279,AN07B089,AN07B089,7,,
155298,AN05B054_b,AN05B054_b,1,,
155303,,na_9,6,,
156076,AN05B104,AN05B104,14,,
156120,AN07B085,AN07B085,8,,
156614,AN06A092,AN06A092,7,,
157196,AN08B079_b,AN08B079_b,7,,
157371,AN08B061,AN08B061,7,,
157603,AN05B048,AN05B048,14,,
158217,AN09B044,AN09B044,1,,
158228,AN07B089,AN07B089,7,,
158419,AN12B089,AN12B089,13,,
158437,AN06A080,AN06A080,8,,
158477,AN07B110,AN07B110,8,,
159121,IN07B063,IN07B063,8,,
159437,AN07B046_a,AN07B046_a,7,,
160013,AN07B060,AN07B060,7,,
160440,ANXXX202,ANXXX202,16,,
160651,AN17A014,AN17A014,2,,
161298,AN12B089,AN12B089,13,,
161406,"DNp51,DNpe019","DNp51,DNpe019",10,,
161649,AN05B104,AN05B104,14,,
161900,AN05B048,AN05B048,14,,
162371,AN06A010,AN06A010,9,,
162384,AN08B098,AN08B098,13,,
162471,AN09B020,AN09B020,3,,
162487,AN08B098,AN08B098,13,,
162650,AN08B061,AN08B061,7,,
163382,AN08B079_b,AN08B079_b,7,,
163530,AN05B054_b,AN05B054_b,1,,
163569,AN10B035,AN10B035,14,,
163571,AN07B085,AN07B085,8,,
164157,AN07B085,AN07B085,8,,
165031,DNpe018,DNpe018,11,,
165035,ANXXX169,ANXXX169,15,,
165664,ANXXX169,ANXXX169,15,,
165790,AN07B063,AN07B063,8,,
166158,AN08B112,AN08B112,7,,
166323,AN10B045,AN10B045,13,,
166366,AN19B093,AN19B093,7,,
166368,AN08B035,AN08B035,7,,
166468,AN19B099,AN19B099,7,,
166563,IN05B070,IN05B070,14,,
166807,AN08B113,AN08B113,14,proboscis extension,Chen 2023
167019,AN08B047,AN08B047,7,,
168208,AN07B071_d,AN07B071_d,9,,
168586,AN19B063,AN19B063,7,,
168845,AN19B065,AN19B065,8,,
168970,AN10B045,AN10B045,13,,
168997,AN10B035,AN10B035,14,,
169117,AN07B089,AN07B089,7,,
169650,AN16B081,AN16B081,8,,
169746,DNge114,DNge114,7,,
169825,AN07B089,AN07B089,7,,
169836,AN07B085,AN07B085,8,,
169850,AN08B005,AN08B005,3,,
170107,DNge182,DNge182,1,,
170189,AN08B113,AN08B113,14,proboscis extension,Chen 2023
170347,AN19B100,AN19B100,8,,
170523,AN10B034,AN10B034,13,,
170689,AN19B100,AN19B100,8,,
170698,AN08B113,AN08B113,14,proboscis extension,Chen 2023
171303,AN06A092,AN06A092,7,,
171388,AN05B100,AN05B100,2,,
171693,AN06A095,AN06A095,7,,
171800,AN08B100,AN08B100,13,,
171851,AN10B045,AN10B045,13,,
171997,AN10B062,AN10B062,14,,
172063,AN07B076,AN07B076,8,,
172264,AN05B068,AN05B068,15,,
173420,AN10B047,AN10B047,13,,
173593,DNpe008,DNpe008,7,,
174202,AN19B061,AN19B061,8,,
174420,AN09A005,AN09A005,14,,
174691,AN07B089,AN07B089,7,,
176451,AN07B089,AN07B089,7,,
177157,AN19B104,AN19B104,7,,
177410,AN07B091,AN07B091,8,,
177685,DNg02_e,DNg02_e,10,flight,Namiki 2022
178260,AN07B045,AN07B045,1,,
178516,DNpe029,DNpe029,4,,
179345,AN07B089,AN07B089,7,,
179513,AN07B085,AN07B085,8,,
180085,AN19B079,AN19B079,7,,
180214,AN06A112,AN06A112,7,,
181823,AN10B035,AN10B035,14,,
182107,AN10B037,AN10B037,13,,
182110,AN06A112,AN06A112,7,,
182601,AN12B060,AN12B060,17,,
182945,AN10B037,AN10B037,13,,
183307,AN07B110,AN07B110,8,,
183387,AN08B100,AN08B100,13,,
183524,AN07B060,AN07B060,7,,
183575,AN08B097,AN08B097,14,,
183722,AN08B079_a,AN08B079_a,7,,
183736,AN08B061,AN08B061,7,,
183777,IN10B007,IN10B007,1,,
183815,IN07B063,IN07B063,8,,
183820,AN10B046,AN10B046,13,,
184114,AN08B061,AN08B061,7,,
184141,AN10B046,AN10B046,13,,
184173,AN19B099,AN19B099,7,,
184205,AN07B071_a,AN07B071_a,9,,
184704,AN19B063,AN19B063,7,,
185564,AN07B063,AN07B063,8,,
185977,DNge102,DNge102,1,,
186220,AN07B110,AN07B110,8,,
186380,DNge144,DNge144,1,,
186674,AN10B039,AN10B039,13,,
186858,AN10B037,AN10B037,13,,
187243,AN07B045,AN07B045,1,,
188027,AN10B045,AN10B045,13,,
188632,AN19B079,AN19B079,7,,
188688,AN19B101,AN19B101,7,,
188811,AN19B065,AN19B065,8,,
188933,DNg92_a,DNg92_a,10,,
188947,DNg60,DNg60,17,halting,Sapkal 2024
189543,AN08B107,AN08B107,14,,
191906,AN10B046,AN10B046,13,,
192123,AN12B060,AN12B060,17,,
192150,AN10B047,AN10B047,13,,
194659,AN19B061,AN19B061,8,,
194743,AN10B039,AN10B039,13,,
194974,AN10B046,AN10B046,13,,
195227,AN10B039,AN10B039,13,,
195264,AN09A005,AN09A005,14,,
195309,AN10B039,AN10B039,13,,
195620,AN08B031,AN08B031,17,wing vibration,Lillvis 2024
196242,AN06A112,AN06A112,7,,
196847,AN10B037,AN10B037,13,,
197252,DNg92_a,DNg92_a,10,,
199331,AN06B042,AN06B042,6,,
199352,DNge130,DNge130,6,,
199469,AN08B113,AN08B113,14,proboscis extension,Chen 2023
199504,IN17A037,IN17A037,14,,
199565,AN10B037,AN10B037,13,,
199644,AN19B104,AN19B104,7,,
199796,AN07B076,AN07B076,8,,
200336,AN05B023b,AN05B023b,4,,
200512,AN07B110,AN07B110,8,,
201119,AN07B110,AN07B110,8,,
202300,AN10B031,AN10B031,7,,
202710,AN10B035,AN10B035,14,,
203133,AN06B042,AN06B042,6,,
203146,DNg06,DNg06,6,,
204045,AN10B039,AN10B039,13,,
204318,AN06A092,AN06A092,7,,
204366,AN19B063,AN19B063,7,,
204507,AN06A016,AN06A016,9,,
204984,AN07B076,AN07B076,8,,
205202,AN19B101,AN19B101,7,,
205423,AN10B053,AN10B053,7,,
205491,AN10B039,AN10B039,13,,
205625,AN16B078_b,AN16B078_b,8,,
206151,AN10B046,AN10B046,13,,
206176,AN10B035,AN10B035,14,,
207525,AN10B046,AN10B046,13,,
207692,AN08B113,AN08B113,14,proboscis extension,Chen 2023
208308,AN10B046,AN10B046,13,,
209300,AN08B102,AN08B102,7,,
209655,DNg06,DNg06,6,,
210037,AN06A095,AN06A095,7,,
210215,AN09B023,AN09B023,3,,
210615,AN07B091,AN07B091,8,,
210655,AN10B045,AN10B045,13,,
212347,AN07B110,AN07B110,8,,
213643,AN10B061,AN10B061,13,,
214629,AN19B104,AN19B104,7,,
214843,AN10B035,AN10B035,14,,
215118,AN10B037,AN10B037,13,,
215209,AN09B037,AN09B037,15,,
215424,AN08B113,AN08B113,14,proboscis extension,Chen 2023
215515,AN10B037,AN10B037,13,,
215622,AN10B039,AN10B039,13,,
215925,AN19B104,AN19B104,7,,
216011,AN19B101,AN19B101,7,,
216291,AN19B104,AN19B104,7,,
217221,AN08B097,AN08B097,14,,
217233,AN10B039,AN10B039,13,,
217430,DNg06,DNg06,6,,
217516,DNpe009,DNpe009,10,,
217594,AN08B099_b,AN08B099_b,14,,
218722,ANXXX086,ANXXX086,3,,
218845,DNg06,DNg06,6,,
218878,AN19B104,AN19B104,7,,
219685,AN10B037,AN10B037,13,,
220203,DNge061,DNge061,17,,
220627,AN07B100,AN07B100,7,,
221015,ANXXX008,ANXXX008,13,,
221125,AN19B104,AN19B104,7,,
221619,AN10B039,AN10B039,13,,
222154,AN00A002,AN00A002,1,,
222611,AN19B079,AN19B079,7,,
222690,AN07B089,AN07B089,7,,
222777,AN09A005,AN09A005,14,,
222954,AN10B045,AN10B045,13,,
223170,DNge145,DNge145,6,,
223783,AN05B105,AN05B105,2,,
223870,AN08B084,AN08B084,14,,
223886,AN19B101,AN19B101,7,,
224051,AN19B104,AN19B104,7,,
224116,AN10B035,AN10B035,14,,
224753,DNg05_b,DNg05_b,8,,
225466,DNg02_c,DNg02_c,10,,
225781,DNge179,DNge179,8,,
225823,AN10B037,AN10B037,13,,
225850,AN10B046,AN10B046,13,,
226016,DNge024,DNge024,17,,
226581,AN12B076,AN12B076,6,,
226775,AN10B039,AN10B039,13,,
227102,AN14A003,AN14A003,14,,
227788,AN19B079,AN19B079,7,,
228085,AN09B044,AN09B044,1,,
228310,IN08B021,IN08B021,1,,
228354,AN07B060,AN07B060,7,,
228438,AN06A112,AN06A112,7,,
228714,DNge061,DNge061,17,,
229702,AN10B047,AN10B047,13,,
229839,AN10B039,AN10B039,13,,
230604,AN19B101,AN19B101,7,,
230783,DNg97,DNg97,0,walking,Sapkal 2024
232796,AN08B099_a,AN08B099_a,14,,
233071,DNg04,DNg04,10,,
234225,AN19B106,AN19B106,7,,
235061,AN09A005,AN09A005,14,,
235648,AN10B037,AN10B037,13,,
236146,AN12B060,AN12B060,17,,
236642,AN12B080,AN12B080,13,,
236699,AN10B047,AN10B047,13,,
237744,AN19B106,AN19B106,7,,
237936,DNg09_a,DNg09_a,6,,
238250,AN10B034,AN10B034,13,,
238699,DNg07,DNg07,6,flight,Namiki 2022
238896,DNge071,DNge071,8,,
240034,DNg01_d,DNg01_d,1,,
241203,AN10B046,AN10B046,13,,
241849,AN10B039,AN10B039,13,,
242405,DNge046,DNge046,13,,
243928,AN19B102,AN19B102,7,,
244400,DNge020,DNge020,17,,
247786,AN01B011,AN01B011,1,,
248583,DNge009,DNge009,17,,
250223,AN10B061,AN10B061,13,,
250291,AN19B079,AN19B079,7,,
253454,IN10B058,IN10B058,7,,
253904,AN08B061,AN08B061,7,,
254884,AN08B043,AN08B043,13,wing vibration,Lillvis 2024
256420,DNge050,DNge050,0,walking,Sapkal 2024
257825,DNge114,DNge114,7,,
258513,DNge093,DNge093,6,,
259442,DNpe015,DNpe015,10,,
260457,AN10B048,AN10B048,7,,
261364,AN10B061,AN10B061,13,,
261604,DNg07,DNg07,6,flight,Namiki 2022
262979,DNg02_b,DNg02_b,10,flight,Namiki 2022
263534,AN19B098,AN19B098,7,,
265275,AN19B065,AN19B065,8,,
267327,DNge089,DNge089,6,,
268258,DNge173,DNge173,17,,
268363,AN06A027,AN06A027,16,,
271536,AN19B102,AN19B102,7,,
273577,AN10B045,AN10B045,13,,
274021,DNg01_a,DNg01_a,10,,
275924,AN08B113,AN08B113,14,proboscis extension,Chen 2023
278337,AN10B046,AN10B046,13,,
280052,AN27X024,AN27X024,16,,
280938,AN27X018,AN27X018,15,,
282479,AN10B034,AN10B034,13,,
282502,AN10B031,AN10B031,7,,
284115,AN08B113,AN08B113,14,proboscis extension,Chen 2023
284997,AN14B012,AN14B012,13,,
285158,AN05B049_a,AN05B049_a,1,,
285201,AN07B069_a,AN07B069_a,8,,
287529,AN10B035,AN10B035,14,,
289020,AN10B045,AN10B045,13,,
293304,AN10B045,AN10B045,13,,
293452,DNg10,DNg10,8,,
295340,DNg02_c,DNg02_c,10,,
296779,AN10B061,AN10B061,13,,
297676,IN08B021,IN08B021,1,,
300102,AN10B047,AN10B047,13,,
300401,AN10B053,AN10B053,7,,
302599,DNg02_c,DNg02_c,10,,
304430,AN07B057,AN07B057,13,,
306404,AN12B060,AN12B060,17,,
306725,AN10B047,AN10B047,13,,
309831,DNg01_c,DNg01_c,1,,
312712,DNde003,DNde003,1,,
314801,AN19B098,AN19B098,7,,
321015,AN05B053,AN05B053,3,,
322714,DNg12_b,DNg12_b,8,ventral head grooming and front leg rubbing,Guo 2022
326964,DNg12_a,DNg12_a,9,ventral head grooming and front leg rubbing,Guo 2022
331721,AN27X004,AN27X004,1,flight,Cheong 2024
338479,AN10B035,AN10B035,14,,
342502,AN18B004,AN18B004,3,,
351504,DNge094,DNge094,8,,
351504,DNge094,DNge094,8,,
351792,AN07B069_b,AN07B069_b,8,,
353164,AN07B069_b,AN07B069_b,8,,
358750,AN10B037,AN10B037,13,,
363021,AN10B047,AN10B047,13,,
366006,AN07B097,AN07B097,14,,
366232,AN07B070,AN07B070,13,,
378525,AN10B034,AN10B034,13,,
382580,AN08B031,AN08B031,17,wing vibration,Lillvis 2024
402239,DNpe048,DNpe048,13,neuromodulatory,González Segarra 2023
411306,DNg08,DNg08,6,,
411507,AN10B048,AN10B048,7,,
414262,AN10B046,AN10B046,13,,
419224,AN19B101,AN19B101,7,,
420551,AN08B113,AN08B113,14,proboscis extension,Chen 2023
422646,AN10B045,AN10B045,13,,
428860,AN06A112,AN06A112,7,,
431420,AN08B099_a,AN08B099_a,14,,
435098,AN05B053,AN05B053,3,,
437575,AN10B047,AN10B047,13,,
447301,AN08B057,AN08B057,13,,
467191,AN07B070,AN07B070,13,,
482128,DNg12_b,DNg12_b,8,ventral head grooming and front leg rubbing,Guo 2022
506334,DNp42,DNp42,0,walking?,Braun 2024?
511810,ANXXX308,ANXXX308,1,,
511823,AN09A005,AN09A005,14,,
511828,AN09A005,AN09A005,14,,
511867,AN05B096,AN05B096,3,,
511881,AN05B076,AN05B076,4,,
511926,ANXXX068,ANXXX068,9,,
511997,AN17B013,AN17B013,7,,
512002,AN12B005,AN12B005,1,,
512006,DNg13,DNg13,0,turning during forwards walking,Yang 2024
512037,DNpe009,DNpe009,10,,
512048,DNge061,DNge061,17,,
512059,ANXXX027,ANXXX027,3,,
512071,DNae001,DNae001,12,,
512119,ANXXX055,ANXXX055,15,,
512245,DNc01,DNc01,0,neuromodulatory,Martelli et al. 2017 (im)
512260,AN19B018,AN19B018,9,,
512307,AN27X015,AN27X015,14,,
512461,DNge172,DNge172,16,reproduction,Braun 2024??
512468,AN06B007,AN06B007,1,,
512498,AN09B017f,AN09B017f,4,pheromone,Clowney 2015
512510,ANXXX084,ANXXX084,15,,
512519,ANXXX027,ANXXX027,3,,
512530,AN17B002,AN17B002,5,,
512555,AN09B018,AN09B018,15,,
512614,DNge055,DNge055,17,,
512720,DNge016,DNge016,5,,
512751,DNge105,DNge105,17,,
512782,AN06B039,AN06B039,14,,
512825,ANXXX170,ANXXX170,2,,
512879,DNge117,DNge117,10,,
512880,ANXXX200,ANXXX200,9,,
512916,ANXXX296,ANXXX296,4,,
512929,AN05B106,AN05B106,4,,
512938,DNd05,DNd05,0,,
512947,AN05B076,AN05B076,4,,
513052,DNg15,DNg15,5,,
513055,AN08B059,AN08B059,13,wing vibration,Lillvis 2024
513056,DNge086,DNge086,9,,
513057,DNge046,DNge046,13,,
513079,DNp44,DNp44,0,,
513114,AN01A055,AN01A055,6,,
513134,ANXXX152,ANXXX152,15,,
513169,AN09B018,AN09B018,15,,
513235,AN00A006,AN00A006,15,,
513296,DNb03,DNb03,10,,
513403,ANXXX050,ANXXX050,15,,
513405,AN05B040,AN05B040,3,,
513531,ANXXX150,ANXXX150,15,reproduction,Feng 2014
513643,DNpe039,DNpe039,12,,
513644,ANXXX434,ANXXX434,4,,
513660,ANXXX145,ANXXX145,1,,
513698,AN08B032,AN08B032,2,,
513711,DNa09,DNa09,10,,
513783,DNg01_d,DNg01_d,1,,
513811,AN19B018,AN19B018,9,,
513875,DNge003,DNge003,17,,
513906,ANXXX404,ANXXX404,5,,
513933,AN08B084,AN08B084,14,,
513968,AN05B017,AN05B017,17,,
514020,AN08B018,AN08B018,13,,
514021,DNg04,DNg04,10,,
514025,DNg106,DNg106,5,,
514197,DNge032,DNge032,0,,
514333,DNg61,DNg61,17,,
514384,AN09B004,AN09B004,2,,
514395,AN19B028,AN19B028,10,,
514413,AN27X020,AN27X020,4,,
514441,AN00A006,AN00A006,15,,
514446,AN17B007,AN17B007,14,,
514483,ANXXX170,ANXXX170,2,,
514484,ANXXX196,ANXXX196,15,,
514485,DNg106,DNg106,5,,
514489,DNg49,DNg49,9,,
514525,AN01B011,AN01B011,1,,
514625,ANXXX462a,ANXXX462a,4,,
514660,AN09B003,AN09B003,1,,
514863,AN08B041,AN08B041,13,,
514952,AN08B041,AN08B041,13,,
515029,DNpe027,DNpe027,11,,
515061,AN01B018,AN01B018,2,,
515072,AN05B027,AN05B027,2,,
515249,AN05B099,AN05B099,2,,
515307,AN10B019,AN10B019,13,,
515447,ANXXX196,ANXXX196,15,,
515575,DNp26,DNp26,11,,
515679,AN27X020,AN27X020,4,,
515758,AN05B049_a,AN05B049_a,1,,
515767,ANXXX264,ANXXX264,3,,
515775,ANXXX169,ANXXX169,15,,
515785,DNg76,DNg76,9,,
515804,ANXXX191,ANXXX191,9,,
515950,AN09B033,AN09B033,4,,
515978,DNg08,DNg08,6,,
516109,ANXXX098,ANXXX098,7,puff-responsive (leg tactile),Chen 2023
516170,DNa13,DNa13,0,,
516204,AN12B019,AN12B019,14,,
516215,DNg67,DNg67,4,,
516239,ANXXX255,ANXXX255,14,,
516294,AN10B022,AN10B022,7,,
516367,AN19A018,AN19A018,15,halting,Sapkal 2024
516431,AN07B036,AN07B036,8,,
516514,AN09B032,AN09B032,2,,
516615,AN17A068,AN17A068,3,,
516662,AN05B100,AN05B100,2,,
516667,DNg02_e,DNg02_e,10,flight,Namiki 2022
516680,DNg64,DNg64,13,,
516819,AN19B051,AN19B051,1,,
516821,DNge094,DNge094,8,,
516821,DNge094,DNge094,8,,
516848,AN07B116,AN07B116,13,,
516904,DNde007,DNde007,12,,
516930,DNg81,DNg81,9,,
516956,DNge071,DNge071,8,,
517005,AN05B009,AN05B009,3,,
517104,AN10B037,AN10B037,13,,
517601,AN05B035,AN05B035,4,,
517654,DNg23,DNg23,5,,
517748,AN10B037,AN10B037,13,,
517755,AN08B081,AN08B081,14,,
517830,DNge030,DNge030,10,,
517881,DNg77,DNg77,2,,
517915,AN09B033,AN09B033,4,,
518123,AN06B090,AN06B090,6,,
518177,DNp08,DNp08,0,,
518309,DNpe007,DNpe007,4,,
518330,ANXXX033,ANXXX033,3,,
518426,AN01A086,AN01A086,6,,
518543,vMS16,vMS16,1,,
518563,DNg85,DNg85,5,,
518625,AN05B009,AN05B009,3,,
518733,AN17B013,AN17B013,7,,
519206,DNp17,DNp17,10,steering?,
519228,DNae005,DNae005,11,,
519268,DNp28,DNp28,8,,
519337,DNge120,DNge120,1,,
519385,AN07B069_b,AN07B069_b,8,,
519400,DNg04,DNg04,10,,
519410,DNp34,DNp34,0,,
519460,DNa16,DNa16,10,,
519516,AN09B004,AN09B004,2,,
519538,DNg24,DNg24,5,,
519570,DNg82,DNg82,10,,
519624,DNa03,DNa03,10,steering,Feng 2024
519626,AN17A008,AN17A008,17,,
519654,AN10B024,AN10B024,14,turning,Chen 2023
519660,AN10B009,AN10B009,17,,
519715,DNbe002,DNbe002,0,,
519751,AN27X009,AN27X009,14,,
519771,DNp71,DNp71,0,,
519773,DNge119,DNge119,1,,
519839,DNge062,DNge062,17,,
519872,DNg09_a,DNg09_a,6,,
519896,DNa06,DNa06,9,,
519981,AN04B001,AN04B001,2,,
519983,AN10B026,AN10B026,1,,
520068,AN08B018,AN08B018,13,,
520116,AN05B100,AN05B100,2,,
520118,DNge148,DNge148,9,,
520135,AN19A018,AN19A018,15,halting,Sapkal 2024
520143,ANXXX116,ANXXX116,15,,
520177,AN05B097,AN05B097,15,,
520195,AN05B023d,AN05B023d,4,,
520300,DNg75,DNg75,0,walking,Sapkal 2024
520333,AN17A062,AN17A062,2,,
520386,ANXXX108,ANXXX108,6,,
520485,DNpe016,DNpe016,11,,
520622,AN17A062,AN17A062,2,,
520634,AN16B078_d,AN16B078_d,8,,
520643,DNp46,DNp46,12,,
520709,AN10B017,AN10B017,7,,
520754,AN08B081,AN08B081,14,,
520863,AN05B105,AN05B105,2,,
520883,AN05B101,AN05B101,15,,
520898,DNb04,DNb04,10,,
521101,AN27X018,AN27X018,15,,
521152,AN05B103,AN05B103,1,,
521190,DNae007,DNae007,11,,
521197,DNp56,DNp56,11,,
521262,DNae002,DNae002,10,,
521273,ANXXX380,ANXXX380,13,,
521274,ANXXX380,ANXXX380,13,,
521298,DNge130,DNge130,6,,
521317,DNp104,DNp104,12,,
521373,AN09B004,AN09B004,2,,
521377,DNpe024,DNpe024,11,,
521383,AN10B020,AN10B020,7,,
521445,DNge063,DNge063,0,,
521550,AN27X024,AN27X024,16,,
521624,DNpe023,DNpe023,1,,
521656,AN05B106,AN05B106,4,,
521675,AN05B006,AN05B006,15,,
521770,AN09B031,AN09B031,1,,
521776,DNpe048,DNpe048,13,neuromodulatory,González Segarra 2023
522300,AN10B027,AN10B027,13,,
522310,ANXXX027,ANXXX027,3,,
522345,DNpe037,DNpe037,11,,
522355,AN08B007,AN08B007,3,,
522432,DNp56,DNp56,11,,
522822,AN17A076,AN17A076,3,,
522918,AN06B039,AN06B039,14,,
522961,DNp47,DNp47,0,,
522969,DNp53,DNp53,10,,
522975,ANXXX006,ANXXX006,17,,
523039,DNge055,DNge055,17,,
523329,DNa10,DNa10,11,,
523373,AN09B012,AN09B012,2,,
523378,DNae008,DNae008,11,,
523435,DNg09_a,DNg09_a,6,,
523509,ANXXX255,ANXXX255,14,,
523515,ANXXX250,ANXXX250,10,,
523539,ANXXX027,ANXXX027,3,,
523547,AN05B097,AN05B097,15,,
523602,AN05B096,AN05B096,3,,
523675,AN27X013,AN27X013,1,,
523679,DNge051,DNge051,17,,
523712,ANXXX131,ANXXX131,13,,
523769,DNa02,DNa02,0,turning during forwards walking,"Yang 2024, Rayshubskiy 2025"
523771,DNge001,DNge001,17,,
523773,DNg52,DNg52,10,,
523839,AN08B026,AN08B026,1,,
523843,AN19A018,AN19A018,15,halting,Sapkal 2024
523998,pIP10,pIP10,12,song,Lillvis 2024
524001,DNp05,DNp05,11,escape takeoff,"Cheong, Eichler, Stürner 2024"
524083,AN12B019,AN12B019,14,,
524141,DNge091,DNge091,5,,
524141,DNge091,DNge091,5,,
524141,DNge091,DNge091,5,,
524146,"DNp51,DNpe019","DNp51,DNpe019",10,,
524156,ANXXX084,ANXXX084,15,,
524190,DNge012,DNge012,17,antennal grooming?,Hampel 2015
524225,DNg14,DNg14,15,abdominal movement,Braun 2024?
524245,AN09B014,AN09B014,5,,
524298,AN09B017b,AN09B017b,4,,
524412,DNa06,DNa06,9,,
524429,DNg65,DNg65,4,,
524470,DNbe001,DNbe001,11,,
524518,AN01B002,AN01B002,3,,
524761,AN09A005,AN09A005,14,,
524860,AN09B013,AN09B013,3,,
524898,vMS13,vMS13,13,,
524968,DNp32,DNp32,0,neuromodulatory,Carlsson 2010 (im)
525003,AN06A060,AN06A060,9,,
525126,DNg02_c,DNg02_c,10,,
525407,DNge128,DNge128,5,,
525441,ANXXX169,ANXXX169,15,,
525454,DNg74_b,DNg74_b,0,,
525595,DNg52,DNg52,10,,
525812,DNge091,DNge091,5,,
525812,DNge091,DNge091,5,,
525812,DNge091,DNge091,5,,
525960,DNa13,DNa13,0,,
526288,AN06A027,AN06A027,16,,
526505,ANXXX308,ANXXX308,1,,
526576,AN27X004,AN27X004,1,flight,Cheong 2024
526592,AN05B068,AN05B068,15,,
526698,ANXXX202,ANXXX202,16,,
526948,ANXXX462b,ANXXX462b,4,,
526998,AN17A073,AN17A073,13,,
527114,ANXXX338,ANXXX338,14,,
528984,AN03B039,AN03B039,7,,
529488,DNb02,DNb02,10,steering,Braun 2024?
529568,DNp39,DNp39,11,,
529707,AN07B037_a,AN07B037_a,13,,
530343,DNpe054,DNpe054,10,,
530435,AN09B037,AN09B037,15,,
530448,ANXXX116,ANXXX116,15,,
530686,AN17A018,AN17A018,3,,
530835,AN05B009,AN05B009,3,,
531132,DNge073,DNge073,0,,
531434,DNg12_a,DNg12_a,9,ventral head grooming and front leg rubbing,Guo 2022
531584,AN17A050,AN17A050,3,,
531644,ANXXX084,ANXXX084,15,,
531739,ANXXX127,ANXXX127,1,,
531859,DNpe022,DNpe022,11,,
531898,DNp04,DNp04,11,escape takeoff,Dombrovski 2023
532050,DNp23,DNp23,12,,
532643,AN09B004,AN09B004,2,,
532787,DNg92_b,DNg92_b,10,,
533368,AN10B005,AN10B005,13,rest (leg proprioceptive),Chen 2023
533746,AN17B008,AN17B008,6,,
534063,AN18B001,AN18B001,12,,
534480,AN08B034,AN08B034,14,,
535011,AN06A041,AN06A041,8,,
535513,AN08B095,AN08B095,13,,
535963,DNge014,DNge014,6,,
536048,DNp27,DNp27,0,neuromodulatory,"Meiselman 2022 (im),Chen 2015 (im)"
536207,AN19B019,AN19B019,15,,
537947,AN06A062,AN06A062,9,,
539202,AN08B098,AN08B098,13,,
539234,DNge004,DNge004,9,,
540462,DNge154,DNge154,6,,
541503,AN09B035,AN09B035,3,,
543849,AN10B045,AN10B045,13,,
544361,DNg12_d,DNg12_d,9,ventral head grooming and front leg rubbing,Guo 2022
550221,DNg69,DNg69,15,,
552858,DNg06,DNg06,6,,
555293,DNge146,DNge146,17,,
555457,DNge079,DNge079,0,,
555472,DNae009,DNae009,11,,
555500,DNg29,DNg29,5,,
555501,ANXXX108,ANXXX108,6,,
555713,ANXXX434,ANXXX434,4,,
555725,AN08B101,AN08B101,14,,
555726,DNa13,DNa13,0,,
555795,DNge172,DNge172,16,reproduction,Braun 2024??
555850,DNge077,DNge077,17,,
555871,DNpe017,DNpe017,11,,
555991,AN03A002,AN03A002,9,"front leg walking, pushing, grooming",Chen 2023
556077,AN05B053,AN05B053,3,,
556286,DNp32,DNp32,0,neuromodulatory,Carlsson 2010 (im)
556329,DNge104,DNge104,3,,
556450,DNge045,DNge045,13,,
556539,AN27X018,AN27X018,15,,
556570,AN05B010,AN05B010,2,,
556586,AN27X008,AN27X008,6,flight,Cheong 2024
556760,AN09B028,AN09B028,2,,
556793,DNge111,DNge111,6,,
556836,AN05B101,AN05B101,15,,
556847,AN08B050,AN08B050,1,,
557308,AN18B019,AN18B019,14,,
557817,AN04B051,AN04B051,13,,
558778,AN08B012,AN08B012,3,,
558850,AN05B099,AN05B099,2,,
558926,ANXXX462b,ANXXX462b,4,,
559107,AN09B032,AN09B032,2,,
563656,AN09B023,AN09B023,3,,
564864,DNp19,DNp19,10,,
564865,DNge070,DNge070,9,,
565022,DNpe054,DNpe054,10,,
572998,AN06A092,AN06A092,7,,
574147,DNg36_a,DNg36_a,10,,
574186,AN09B004,AN09B004,2,,
574287,AN07B071_b,AN07B071_b,9,,
574357,AN09A005,AN09A005,14,,
574821,AN05B058,AN05B058,3,,
575082,DNpe021,DNpe021,16,,
575398,AN05B050_b,AN05B050_b,2,,
575669,DNg71,DNg71,10,,
800012,AN19B001,AN19B001,16,,
800099,DNge079,DNge079,0,,
800658,AN07B005,AN07B005,2,,
800794,AN04B004,AN04B004,1,,
800845,DNp12,DNp12,16,,
800868,DNpe002,DNpe002,11,,
800932,AN17A013,AN17A013,2,,
801153,AN14A003,AN14A003,14,,
801204,AN06B089,AN06B089,3,,
801206,AN17A018,AN17A018,3,,
801269,AN05B023b,AN05B023b,4,,
801341,AN19B032,AN19B032,3,,
801562,DNge088,DNge088,10,,
801976,DNpe032,DNpe032,11,,
802126,AN10B008,AN10B008,9,,
802244,ANXXX008,ANXXX008,13,,
802749,AN06B005,AN06B005,14,,
802893,DNpe016,DNpe016,11,,
803318,AN06B051,AN06B051,6,,
803433,DNp57,DNp57,11,,
804351,IN27X019,IN27X019,15,,
804399,AN12A017,AN12A017,17,,
804883,AN08B079_b,AN08B079_b,7,,
805362,AN27X011,AN27X011,14,,
805992,AN27X011,AN27X011,14,,
806010,AN08B024,AN08B024,13,,
806031,AN08B022,AN08B022,14,,
806770,AN07B046_b,AN07B046_b,7,,
807703,AN05B053,AN05B053,3,,
808300,AN07B072_b,AN07B072_b,8,,
808335,AN09B018,AN09B018,15,,
808752,IN10B058,IN10B058,7,,
809303,AN06A092,AN06A092,7,,
809423,AN07B062,AN07B062,14,,
810175,AN07B091,AN07B091,8,,
810313,AN07B101_a,AN07B101_a,13,,
810722,ANXXX150,ANXXX150,15,reproduction,Feng 2014
810937,DNg46,DNg46,10,,
811253,AN07B050,AN07B050,8,,
811494,AN07B050,AN07B050,8,,
812060,AN19B099,AN19B099,7,,
812511,DNge019,DNge019,17,,
813430,AN07B071_b,AN07B071_b,9,,
813443,DNg106,DNg106,5,,
813689,AN27X009,AN27X009,14,,
813798,AN07B069_a,AN07B069_a,8,,
814109,AN07B089,AN07B089,7,,
814460,AN08B098,AN08B098,13,,
814923,AN19B104,AN19B104,7,,
815332,AN07B056,AN07B056,8,,
815666,AN07B072_e,AN07B072_e,8,,
815690,AN07B091,AN07B091,8,,
816071,AN10B061,AN10B061,13,,
816191,IN10B058,IN10B058,7,,
817019,AN27X018,AN27X018,15,,
817088,AN19B101,AN19B101,7,,
817207,AN16B078_c,AN16B078_c,8,,
817587,AN07B069_b,AN07B069_b,8,,
818423,AN16B116,AN16B116,8,,
818789,DNg12_f,DNg12_f,13,ventral head grooming and front leg rubbing,Guo 2022
820501,AN10B045,AN10B045,13,,
823201,AN07B072_b,AN07B072_b,8,,
841616,AN10B046,AN10B046,13,,
901888,AN06B051,AN06B051,6,,
903455,dMS9,dMS9,14,pulse song,Lillvis 2024
903466,ANXXX023,ANXXX023,9,,
905528,AN27X019,AN27X019,10,,
906020,ANXXX145,ANXXX145,1,,
907674,AN03B050,AN03B050,8,,
908298,AN07B060,AN07B060,7,,
908760,AN05B050_c,AN05B050_c,1,,
908951,AN08B047,AN08B047,7,,
909426,AN10B061,AN10B061,13,,
909558,DNge061,DNge061,17,,
909612,DNg11,DNg11,10,front leg rubbing,Guo 2022
909723,AN10B034,AN10B034,13,,
910030,AN09B029,AN09B029,3,,
911586,AN10B034,AN10B034,13,,
912096,AN09B036,AN09B036,1,,
914071,AN07B056,AN07B056,8,,
915422,AN05B036,AN05B036,6,,
922722,AN09B017g,AN09B017g,4,,
923203,DNpe005,DNpe005,11,,
924571,DNp64,DNp64,16,,
924718,DNge095,DNge095,10,,
928257,AN08B031,AN08B031,17,wing vibration,Lillvis 2024
928701,AN02A016,AN02A016,14,,
930768,AN10B020,AN10B020,7,,
932684,ANXXX084,ANXXX084,15,,
932790,ANXXX092,ANXXX092,3,,
934779,AN17A062,AN17A062,2,,
935616,AN07B062,AN07B062,14,,
944267,AN10B045,AN10B045,13,,
946718,DNge106,DNge106,1,,
946890,AN10B047,AN10B047,13,,
953893,AN07B045,AN07B045,1,,
102109621,AN10B033,AN10B033,7,,
129453660,AN19B098,AN19B098,7,,
142338522,DNpe039,DNpe039,12,,
160324150,AN07B070,AN07B070,13,,
234536207,AN19B101,AN19B101,7,,
279432259,AN08B107,AN08B107,14,,
298793906,AN10B045,AN10B045,13,,
379170143,AN10B045,AN10B045,13,,
392026170,AN12B060,AN12B060,17,,
397041555,AN19B051,AN19B051,1,,
404805873,AN19B098,AN19B098,7,,
431600445,AN07B091,AN07B091,8,,
442999519,AN12B055,AN12B055,6,,
455924920,AN10B037,AN10B037,13,,
806836876,AN10B062,AN10B062,14,,
849794333,AN08B113,AN08B113,14,proboscis extension,Chen 2023
952799814,AN10B046,AN10B046,13,,
954432908,AN04B004,AN04B004,1,,
970740632,AN12B089,AN12B089,13,,
1050379364,AN19B014,AN19B014,9,,
1051967587,AN08B113,AN08B113,14,proboscis extension,Chen 2023
1055278121,AN12B011,AN12B011,17,,
